date,rate
2008-01-03,0.7748
2008-01-04,0.7704
2008-01-07,0.7670
2008-01-08,0.7686
2008-01-09,0.7692
2008-01-10,0.7726
2008-01-11,0.7850
2008-01-14,0.7808
2008-01-15,0.7908
2008-01-16,0.7742
2008-01-17,0.7704
2008-01-18,0.7666
2008-01-21,0.7593
2008-01-22,0.7461
2008-01-23,0.7640
2008-01-24,0.7662
2008-01-25,0.7741
2008-01-28,0.7676
2008-01-29,0.7783
2008-01-30,0.7778
2008-01-31,0.7844
2008-02-01,0.7878
2008-02-04,0.7916
2008-02-05,0.7925
2008-02-07,0.7872
2008-02-08,0.7886
2008-02-11,0.7870
2008-02-12,0.7891
2008-02-13,0.7904
2008-02-14,0.7836
2008-02-15,0.7882
2008-02-18,0.7903
2008-02-19,0.7955
2008-02-20,0.7969
2008-02-21,0.7980
2008-02-22,0.7991
2008-02-25,0.8075
2008-02-26,0.8133
2008-02-27,0.8173
2008-02-28,0.8158
2008-02-29,0.8156
2008-03-03,0.7993
2008-03-04,0.8071
2008-03-05,0.8006
2008-03-06,0.8050
2008-03-07,0.7951
2008-03-10,0.7917
2008-03-11,0.7893
2008-03-12,0.8047
2008-03-13,0.8084
2008-03-14,0.8176
2008-03-17,0.8115
2008-03-18,0.7989
2008-03-19,0.8139
2008-03-20,0.7982
2008-03-25,0.7988
2008-03-26,0.8068
2008-03-27,0.8050
2008-03-28,0.8061
2008-03-31,0.7935
2008-04-01,0.7850
2008-04-02,0.7876
2008-04-03,0.7885
2008-04-04,0.7849
2008-04-07,0.7893
2008-04-08,0.7964
2008-04-09,0.7977
2008-04-10,0.7966
2008-04-11,0.7984
2008-04-14,0.7887
2008-04-15,0.7911
2008-04-16,0.7853
2008-04-17,0.7923
2008-04-18,0.7917
2008-04-21,0.7909
2008-04-22,0.7946
2008-04-23,0.7977
2008-04-24,0.7939
2008-04-28,0.7828
2008-04-29,0.7825
2008-04-30,0.7746
2008-05-01,0.7820
2008-05-02,0.7779
2008-05-05,0.7794
2008-05-06,0.7850
2008-05-07,0.7907
2008-05-08,0.7761
2008-05-09,0.7721
2008-05-12,0.7667
2008-05-13,0.7696
2008-05-14,0.7632
2008-05-15,0.7568
2008-05-16,0.7627
2008-05-19,0.7727
2008-05-20,0.7728
2008-05-21,0.7742
2008-05-22,0.7773
2008-05-23,0.7865
2008-05-26,0.7841
2008-05-27,0.7870
2008-05-28,0.7892
2008-05-29,0.7854
2008-05-30,0.7801
2008-06-03,0.7849
2008-06-04,0.7806
2008-06-05,0.7697
2008-06-06,0.7659
2008-06-09,0.7684
2008-06-10,0.7583
2008-06-11,0.7536
2008-06-12,0.7550
2008-06-13,0.7493
2008-06-16,0.7500
2008-06-17,0.7531
2008-06-18,0.7562
2008-06-19,0.7585
2008-06-20,0.7609
2008-06-23,0.7608
2008-06-24,0.7575
2008-06-25,0.7586
2008-06-26,0.7567
2008-06-27,0.7539
2008-06-30,0.7619
2008-07-01,0.7619
2008-07-02,0.7574
2008-07-03,0.7602
2008-07-04,0.7559
2008-07-07,0.7586
2008-07-08,0.7532
2008-07-09,0.7521
2008-07-10,0.7568
2008-07-11,0.7586
2008-07-14,0.7595
2008-07-15,0.7635
2008-07-16,0.7718
2008-07-17,0.7707
2008-07-18,0.7635
2008-07-21,0.7596
2008-07-22,0.7611
2008-07-23,0.7591
2008-07-24,0.7447
2008-07-25,0.7438
2008-07-28,0.7427
2008-07-29,0.7447
2008-07-30,0.7390
2008-07-31,0.7344
2008-08-01,0.7317
2008-08-04,0.7273
2008-08-05,0.7288
2008-08-06,0.7261
2008-08-07,0.7203
2008-08-08,0.7133
2008-08-11,0.7017
2008-08-12,0.6983
2008-08-13,0.6936
2008-08-14,0.7002
2008-08-15,0.7007
2008-08-18,0.7040
2008-08-19,0.7096
2008-08-20,0.7133
2008-08-21,0.7133
2008-08-22,0.7192
2008-08-25,0.7096
2008-08-26,0.7036
2008-08-27,0.6951
2008-08-28,0.7018
2008-08-29,0.7028
2008-09-01,0.6993
2008-09-02,0.6936
2008-09-03,0.6853
2008-09-04,0.6841
2008-09-05,0.6672
2008-09-08,0.6787
2008-09-09,0.6712
2008-09-10,0.6684
2008-09-11,0.6536
2008-09-12,0.6523
2008-09-15,0.6676
2008-09-16,0.6543
2008-09-17,0.6571
2008-09-18,0.6597
2008-09-19,0.6742
2008-09-22,0.6844
2008-09-23,0.6908
2008-09-24,0.6837
2008-09-25,0.6829
2008-09-26,0.6847
2008-09-29,0.6850
2008-09-30,0.6678
2008-10-01,0.6706
2008-10-02,0.6729
2008-10-03,0.6557
2008-10-06,0.6584
2008-10-07,0.6300
2008-10-08,0.6255
2008-10-09,0.6053
2008-10-10,0.6035
2008-10-13,0.6116
2008-10-14,0.6137
2008-10-15,0.6225
2008-10-16,0.5945
2008-10-17,0.6167
2008-10-20,0.6112
2008-10-21,0.6194
2008-10-22,0.6101
2008-10-23,0.5943
2008-10-24,0.5968
2008-10-28,0.5415
2008-10-29,0.5716
2008-10-30,0.5867
2008-10-31,0.5889
2008-11-03,0.5847
2008-11-04,0.5920
2008-11-05,0.6063
2008-11-06,0.5953
2008-11-07,0.5855
2008-11-10,0.5971
2008-11-11,0.5805
2008-11-12,0.5725
2008-11-13,0.5577
2008-11-14,0.5733
2008-11-17,0.5493
2008-11-18,0.5519
2008-11-19,0.5518
2008-11-20,0.5415
2008-11-21,0.5226
2008-11-24,0.5387
2008-11-25,0.5497
2008-11-26,0.5480
2008-11-27,0.5524
2008-11-28,0.5516
2008-12-01,0.5453
2008-12-02,0.5301
2008-12-03,0.5320
2008-12-04,0.5330
2008-12-05,0.5322
2008-12-08,0.5363
2008-12-09,0.5473
2008-12-10,0.5412
2008-12-11,0.5440
2008-12-12,0.5523
2008-12-15,0.5454
2008-12-16,0.5542
2008-12-17,0.5787
2008-12-18,0.5939
2008-12-19,0.5829
2008-12-22,0.5748
2008-12-23,0.5724
2008-12-24,0.5670
2008-12-29,0.5773
2008-12-30,0.5765
2008-12-31,0.5785
2009-01-05,0.5888
2009-01-06,0.5891
2009-01-07,0.5989
2009-01-08,0.5917
2009-01-09,0.5958
2009-01-12,0.5887
2009-01-13,0.5745
2009-01-14,0.5536
2009-01-15,0.5414
2009-01-16,0.5385
2009-01-19,0.5509
2009-01-20,0.5366
2009-01-21,0.5207
2009-01-22,0.5331
2009-01-23,0.5257
2009-01-26,0.5295
2009-01-27,0.5271
2009-01-28,0.5298
2009-01-29,0.5252
2009-01-30,0.5131
2009-02-02,0.5082
2009-02-03,0.5026
2009-02-04,0.5143
2009-02-05,0.5075
2009-02-09,0.5304
2009-02-10,0.5387
2009-02-11,0.5228
2009-02-12,0.5258
2009-02-13,0.5210
2009-02-16,0.5218
2009-02-17,0.5181
2009-02-18,0.5069
2009-02-19,0.5096
2009-02-20,0.5093
2009-02-23,0.5105
2009-02-24,0.5075
2009-02-25,0.5141
2009-02-26,0.5093
2009-02-27,0.5084
2009-03-02,0.4992
2009-03-03,0.4923
2009-03-04,0.4954
2009-03-05,0.5049
2009-03-06,0.4982
2009-03-09,0.5039
2009-03-10,0.4925
2009-03-11,0.5043
2009-03-12,0.5137
2009-03-13,0.5207
2009-03-16,0.5227
2009-03-17,0.5301
2009-03-18,0.5303
2009-03-19,0.5453
2009-03-20,0.5565
2009-03-23,0.5602
2009-03-24,0.5701
2009-03-25,0.5631
2009-03-26,0.5680
2009-03-27,0.5776
2009-03-30,0.5677
2009-03-31,0.5621
2009-04-01,0.5596
2009-04-02,0.5669
2009-04-03,0.5791
2009-04-06,0.5920
2009-04-07,0.5846
2009-04-08,0.5766
2009-04-09,0.5778
2009-04-14,0.5917
2009-04-15,0.5832
2009-04-16,0.5788
2009-04-17,0.5739
2009-04-20,0.5695
2009-04-21,0.5540
2009-04-22,0.5612
2009-04-23,0.5569
2009-04-24,0.5608
2009-04-27,0.5653
2009-04-28,0.5643
2009-04-29,0.5591
2009-04-30,0.5638
2009-05-01,0.5658
2009-05-04,0.5736
2009-05-05,0.5771
2009-05-06,0.5795
2009-05-07,0.5894
2009-05-08,0.5941
2009-05-11,0.6047
2009-05-12,0.6006
2009-05-13,0.6056
2009-05-14,0.5931
2009-05-15,0.5942
2009-05-18,0.5853
2009-05-19,0.5974
2009-05-20,0.6017
2009-05-21,0.6065
2009-05-22,0.6124
2009-05-25,0.6163
2009-05-26,0.6188
2009-05-27,0.6231
2009-05-28,0.6159
2009-05-29,0.6232
2009-06-02,0.6486
2009-06-03,0.6556
2009-06-04,0.6354
2009-06-05,0.6329
2009-06-08,0.6255
2009-06-09,0.6222
2009-06-10,0.6262
2009-06-11,0.6336
2009-06-12,0.6455
2009-06-15,0.6399
2009-06-16,0.6303
2009-06-17,0.6285
2009-06-18,0.6322
2009-06-19,0.6400
2009-06-22,0.6415
2009-06-23,0.6293
2009-06-24,0.6381
2009-06-25,0.6392
2009-06-26,0.6423
2009-06-29,0.6459
2009-06-30,0.6523
2009-07-01,0.6457
2009-07-02,0.6407
2009-07-03,0.6274
2009-07-06,0.6285
2009-07-07,0.6356
2009-07-08,0.6281
2009-07-09,0.6264
2009-07-10,0.6324
2009-07-13,0.6287
2009-07-14,0.6339
2009-07-15,0.6399
2009-07-16,0.6484
2009-07-17,0.6473
2009-07-20,0.6460
2009-07-21,0.6573
2009-07-22,0.6561
2009-07-23,0.6587
2009-07-24,0.6556
2009-07-27,0.6553
2009-07-28,0.6559
2009-07-29,0.6557
2009-07-30,0.6492
2009-07-31,0.6520
2009-08-03,0.6599
2009-08-04,0.6678
2009-08-05,0.6745
2009-08-06,0.6721
2009-08-07,0.6711
2009-08-10,0.6712
2009-08-11,0.6755
2009-08-12,0.6683
2009-08-13,0.6710
2009-08-14,0.6791
2009-08-17,0.6751
2009-08-18,0.6685
2009-08-19,0.6747
2009-08-20,0.6743
2009-08-21,0.6772
2009-08-24,0.6840
2009-08-25,0.6843
2009-08-26,0.6844
2009-08-27,0.6816
2009-08-28,0.6867
2009-08-31,0.6831
2009-09-01,0.6858
2009-09-02,0.6756
2009-09-03,0.6740
2009-09-04,0.6787
2009-09-07,0.6892
2009-09-08,0.6924
2009-09-09,0.6976
2009-09-10,0.6976
2009-09-11,0.7031
2009-09-14,0.7044
2009-09-15,0.7007
2009-09-16,0.7043
2009-09-17,0.7130
2009-09-18,0.7104
2009-09-21,0.7078
2009-09-22,0.7115
2009-09-23,0.7262
2009-09-24,0.7186
2009-09-25,0.7142
2009-09-28,0.7173
2009-09-29,0.7165
2009-09-30,0.7149
2009-10-01,0.7233
2009-10-02,0.7145
2009-10-05,0.7161
2009-10-06,0.7301
2009-10-07,0.7353
2009-10-08,0.7366
2009-10-09,0.7419
2009-10-12,0.7342
2009-10-13,0.7377
2009-10-14,0.7397
2009-10-15,0.7427
2009-10-16,0.7445
2009-10-19,0.7391
2009-10-20,0.7566
2009-10-21,0.7497
2009-10-22,0.7581
2009-10-23,0.7582
2009-10-27,0.7478
2009-10-28,0.7441
2009-10-29,0.7208
2009-10-30,0.7327
2009-11-02,0.7134
2009-11-03,0.7180
2009-11-04,0.7217
2009-11-05,0.7243
2009-11-06,0.7213
2009-11-09,0.7342
2009-11-10,0.7426
2009-11-11,0.7432
2009-11-12,0.7394
2009-11-13,0.7326
2009-11-16,0.7426
2009-11-17,0.7487
2009-11-18,0.7448
2009-11-19,0.7458
2009-11-20,0.7311
2009-11-23,0.7236
2009-11-24,0.7320
2009-11-25,0.7259
2009-11-26,0.7329
2009-11-27,0.7162
2009-11-30,0.7148
2009-12-01,0.7161
2009-12-02,0.7261
2009-12-03,0.7225
2009-12-04,0.7212
2009-12-07,0.7155
2009-12-08,0.7137
2009-12-09,0.7073
2009-12-10,0.7197
2009-12-11,0.7289
2009-12-14,0.7238
2009-12-15,0.7272
2009-12-16,0.7213
2009-12-17,0.7206
2009-12-18,0.7104
2009-12-21,0.7112
2009-12-22,0.7051
2009-12-23,0.6984
2009-12-24,0.7044
2009-12-29,0.7083
2009-12-30,0.7176
2009-12-31,0.7217
2010-01-05,0.7344
2010-01-06,0.7343
2010-01-07,0.7378
2010-01-08,0.7325
2010-01-11,0.7395
2010-01-12,0.7422
2010-01-13,0.7385
2010-01-14,0.7398
2010-01-15,0.7427
2010-01-18,0.7342
2010-01-19,0.7390
2010-01-20,0.7351
2010-01-21,0.7219
2010-01-22,0.7102
2010-01-25,0.7118
2010-01-26,0.7140
2010-01-27,0.7075
2010-01-28,0.7062
2010-01-29,0.7048
2010-02-01,0.7006
2010-02-02,0.7085
2010-02-03,0.7131
2010-02-04,0.7021
2010-02-05,0.6869
2010-02-08,0.6883
2010-02-09,0.6823
2010-02-10,0.6961
2010-02-11,0.6927
2010-02-12,0.6983
2010-02-15,0.6957
2010-02-16,0.6966
2010-02-17,0.7070
2010-02-18,0.7028
2010-02-19,0.6980
2010-02-22,0.7009
2010-02-23,0.7014
2010-02-24,0.6924
2010-02-25,0.6932
2010-02-26,0.6915
2010-03-01,0.6992
2010-03-02,0.6996
2010-03-03,0.6959
2010-03-04,0.6945
2010-03-05,0.6862
2010-03-08,0.6975
2010-03-09,0.7009
2010-03-10,0.7031
2010-03-11,0.7021
2010-03-12,0.7003
2010-03-15,0.7028
2010-03-16,0.7021
2010-03-17,0.7131
2010-03-18,0.7145
2010-03-19,0.7141
2010-03-22,0.7069
2010-03-23,0.7065
2010-03-24,0.7056
2010-03-25,0.7024
2010-03-26,0.7046
2010-03-29,0.7040
2010-03-30,0.7092
2010-03-31,0.7098
2010-04-01,0.7107
2010-04-06,0.7040
2010-04-07,0.7064
2010-04-08,0.7067
2010-04-09,0.7074
2010-04-12,0.7194
2010-04-13,0.7128
2010-04-14,0.7096
2010-04-15,0.7156
2010-04-16,0.7116
2010-04-19,0.7076
2010-04-20,0.7095
2010-04-21,0.7113
2010-04-22,0.7097
2010-04-23,0.7089
2010-04-26,0.7180
2010-04-27,0.7229
2010-04-28,0.7127
2010-04-29,0.7180
2010-04-30,0.7245
2010-05-03,0.7286
2010-05-04,0.7307
2010-05-05,0.7204
2010-05-06,0.7256
2010-05-07,0.7111
2010-05-10,0.7173
2010-05-11,0.7198
2010-05-12,0.7168
2010-05-13,0.7147
2010-05-14,0.7125
2010-05-17,0.7059
2010-05-18,0.6983
2010-05-19,0.6890
2010-05-20,0.6829
2010-05-21,0.6680
2010-05-24,0.6756
2010-05-25,0.6702
2010-05-26,0.6689
2010-05-27,0.6675
2010-05-28,0.6821
2010-05-31,0.6774
2010-06-01,0.6812
2010-06-02,0.6766
2010-06-03,0.6801
2010-06-04,0.6838
2010-06-08,0.6584
2010-06-09,0.6668
2010-06-10,0.6723
2010-06-11,0.6846
2010-06-14,0.692
2010-06-15,0.6952
2010-06-16,0.6975
2010-06-17,0.6978
2010-06-18,0.7037
2010-06-21,0.7126
2010-06-22,0.709
2010-06-23,0.7061
2010-06-24,0.7133
2010-06-25,0.7081
2010-06-28,0.7119
2010-06-29,0.705
2010-06-30,0.6929
2010-07-01,0.6846
2010-07-02,0.6918
2010-07-05,0.6876
2010-07-06,0.6873
2010-07-07,0.6918
2010-07-08,0.7038
2010-07-09,0.7085
2010-07-12,0.7094
2010-07-13,0.7115
2010-07-14,0.7181
2010-07-15,0.7212
2010-07-16,0.7242
2010-07-19,0.7084
2010-07-20,0.7048
2010-07-21,0.7168
2010-07-22,0.7115
2010-07-23,0.7253
2010-07-26,0.7265
2010-07-27,0.7331
2010-07-28,0.732
2010-07-29,0.7224
2010-07-30,0.7244
2010-08-02,0.7272
2010-08-03,0.7332
2010-08-04,0.7335
2010-08-05,0.7294
2010-08-06,0.7298
2010-08-09,0.7327
2010-08-10,0.7291
2010-08-11,0.7224
2010-08-12,0.7115
2010-08-13,0.7131
2010-08-16,0.7065
2010-08-17,0.7048
2010-08-18,0.7116
2010-08-19,0.7133
2010-08-20,0.7064
2010-08-23,0.706
2010-08-24,0.7057
2010-08-25,0.7031
2010-08-26,0.7015
2010-08-27,0.7017
2010-08-30,0.7133
2010-08-31,0.7038
2010-09-01,0.6998
2010-09-02,0.7117
2010-09-03,0.7142
2010-09-06,0.7189
2010-09-07,0.7229
2010-09-08,0.7182
2010-09-09,0.7218
2010-09-10,0.7251
2010-09-13,0.7291
2010-09-14,0.7298
2010-09-15,0.7322
2010-09-16,0.7277
2010-09-17,0.7246
2010-09-20,0.7263
2010-09-21,0.7291
2010-09-22,0.7336
2010-09-23,0.7316
2010-09-24,0.7286
2010-09-27,0.7364
2010-09-28,0.7341
2010-09-29,0.7393
2010-09-30,0.7356
2010-10-01,0.7337
2010-10-04,0.7441
2010-10-05,0.7386
2010-10-06,0.7484
2010-10-07,0.7514
2010-10-08,0.7507
2010-10-11,0.7564
2010-10-12,0.7511
2010-10-13,0.7556
2010-10-14,0.7572
2010-10-15,0.7584
2010-10-18,0.7543
2010-10-19,0.7567
2010-10-20,0.7452
2010-10-21,0.7536
2010-10-22,0.7467
2010-10-26,0.7519
2010-10-27,0.7485
2010-10-28,0.7465
2010-10-29,0.753
2010-11-01,0.7653
2010-11-02,0.7668
2010-11-03,0.7706
2010-11-04,0.7871
2010-11-05,0.7952
2010-11-08,0.7935
2010-11-09,0.7879
2010-11-10,0.7776
2010-11-11,0.7815
2010-11-12,0.7806
2010-11-15,0.7763
2010-11-16,0.7723
2010-11-17,0.7682
2010-11-18,0.7701
2010-11-19,0.7785
2010-11-22,0.7797
2010-11-23,0.7728
2010-11-24,0.7587
2010-11-25,0.7597
2010-11-26,0.76
2010-11-29,0.7521
2010-11-30,0.7458
2010-12-01,0.742
2010-12-02,0.7491
2010-12-03,0.7553
2010-12-06,0.7637
2010-12-07,0.7614
2010-12-08,0.7575
2010-12-09,0.7473
2010-12-10,0.7489
2010-12-13,0.7465
2010-12-14,0.751
2010-12-15,0.7517
2010-12-16,0.7398
2010-12-17,0.7403
2010-12-20,0.736
2010-12-21,0.7419
2010-12-22,0.7447
2010-12-23,0.74
2010-12-24,0.7471
2010-12-29,0.7556
2010-12-30,0.7684
2010-12-31,0.7706
2011-01-05,0.7665
2011-01-06,0.758
2011-01-07,0.7569
2011-01-10,0.7586
2011-01-11,0.7639
2011-01-12,0.7601
2011-01-13,0.7634
2011-01-14,0.7725
2011-01-17,0.7682
2011-01-18,0.7724
2011-01-19,0.7708
2011-01-20,0.7677
2011-01-21,0.7569
2011-01-24,0.758
2011-01-25,0.7632
2011-01-26,0.7688
2011-01-27,0.7724
2011-01-28,0.7722
2011-01-31,0.7703
2011-02-01,0.7724
2011-02-02,0.7808
2011-02-03,0.7726
2011-02-04,0.7727
2011-02-07,0.7696
2011-02-08,0.7702
2011-02-09,0.7753
2011-02-10,0.7721
2011-02-11,0.7634
2011-02-14,0.7565
2011-02-15,0.7569
2011-02-16,0.752
2011-02-17,0.7546
2011-02-18,0.7588
2011-02-21,0.763
2011-02-22,0.7632
2011-02-23,0.7465
2011-02-24,0.7457
2011-02-25,0.7476
2011-02-28,0.7519
2011-03-01,0.7533
2011-03-02,0.7466
2011-03-03,0.7434
2011-03-04,0.7403
2011-03-07,0.737
2011-03-08,0.7374
2011-03-09,0.7397
2011-03-10,0.7363
2011-03-11,0.7351
2011-03-14,0.7409
2011-03-15,0.7395
2011-03-16,0.7309
2011-03-17,0.7174
2011-03-18,0.7195
2011-03-21,0.7298
2011-03-22,0.7353
2011-03-23,0.7406
2011-03-24,0.7427
2011-03-25,0.7498
2011-03-28,0.7518
2011-03-29,0.7509
2011-03-30,0.7569
2011-03-31,0.7627
2011-04-01,0.7609
2011-04-04,0.7685
2011-04-05,0.7678
2011-04-06,0.7675
2011-04-07,0.7775
2011-04-08,0.7777
2011-04-11,0.782
2011-04-12,0.7822
2011-04-13,0.7848
2011-04-14,0.7876
2011-04-15,0.7938
2011-04-18,0.7957
2011-04-19,0.7866
2011-04-20,0.7898
2011-04-21,0.7959
2011-04-26,0.7999
2011-04-27,0.8073
2011-04-28,0.8027
2011-04-29,0.804
2011-05-02,0.8042
2011-05-03,0.8067
2011-05-04,0.7989
2011-05-05,0.7926
2011-05-06,0.7882
2011-05-09,0.7893
2011-05-10,0.7922
2011-05-11,0.7954
2011-05-12,0.7902
2011-05-13,0.7945
2011-05-16,0.7856
2011-05-17,0.7799
2011-05-18,0.7856
2011-05-19,0.7896
2011-05-20,0.7914
2011-05-23,0.7935
2011-05-24,0.7894
2011-05-25,0.7976
2011-05-26,0.7978
2011-05-27,0.8094
2011-05-30,0.8181
2011-05-31,0.8187
2011-06-01,0.8249
2011-06-02,0.8157
2011-06-03,0.8155
2011-06-07,0.8146
2011-06-08,0.821
2011-06-09,0.8226
2011-06-10,0.8255
2011-06-13,0.8209
2011-06-14,0.8166
2011-06-15,0.8183
2011-06-16,0.8063
2011-06-17,0.8055
2011-06-20,0.8106
2011-06-21,0.8102
2011-06-22,0.8117
2011-06-23,0.8148
2011-06-24,0.815
2011-06-27,0.8028
2011-06-28,0.8053
2011-06-29,0.8108
2011-06-30,0.8275
2011-07-01,0.8278
2011-07-04,0.8285
2011-07-05,0.8319
2011-07-06,0.8265
2011-07-07,0.8271
2011-07-08,0.8318
2011-07-11,0.8348
2011-07-12,0.8262
2011-07-13,0.8187
2011-07-14,0.8485
2011-07-15,0.842
2011-07-18,0.848
2011-07-19,0.8447
2011-07-20,0.8562
2011-07-21,0.8583
2011-07-22,0.8622
2011-07-25,0.8646
2011-07-26,0.8628
2011-07-27,0.8722
2011-07-28,0.8721
2011-07-29,0.8702
2011-08-01,0.8822
2011-08-02,0.876
2011-08-03,0.8623
2011-08-04,0.8656
2011-08-05,0.8286
2011-08-08,0.8383
2011-08-09,0.8179
2011-08-10,0.8379
2011-08-11,0.8104
2011-08-12,0.8288
2011-08-15,0.8343
2011-08-16,0.8334
2011-08-17,0.8342
2011-08-18,0.8366
2011-08-19,0.822
2011-08-22,0.8194
2011-08-23,0.8226
2011-08-24,0.8334
2011-08-25,0.8292
2011-08-26,0.8289
2011-08-29,0.8402
2011-08-30,0.8485
2011-08-31,0.8526
2011-09-01,0.8526
2011-09-02,0.8519
2011-09-05,0.843
2011-09-06,0.828
2011-09-07,0.8255
2011-09-08,0.8337
2011-09-09,0.8357
2011-09-12,0.8202
2011-09-13,0.8244
2011-09-14,0.8231
2011-09-15,0.819
2011-09-16,0.8229
2011-09-19,0.8259
2011-09-20,0.8187
2011-09-21,0.8213
2011-09-22,0.7996
2011-09-23,0.7834
2011-09-26,0.7729
2011-09-27,0.7797
2011-09-28,0.7888
2011-09-29,0.7744
2011-09-30,0.7697
2011-10-03,0.7627
2011-10-04,0.7534
2011-10-05,0.7599
2011-10-06,0.767
2011-10-07,0.769
2011-10-10,0.7693
2011-10-11,0.7839
2011-10-12,0.7804
2011-10-13,0.7946
2011-10-14,0.7945
2011-10-17,0.8047
2011-10-18,0.7926
2011-10-19,0.7955
2011-10-20,0.7929
2011-10-21,0.7936
2011-10-25,0.805
2011-10-26,0.7964
2011-10-27,0.8002
2011-10-28,0.8223
2011-10-31,0.8207
2011-11-01,0.8072
2011-11-02,0.7954
2011-11-03,0.7882
2011-11-04,0.7945
2011-11-07,0.797
2011-11-08,0.7968
2011-11-09,0.7984
2011-11-10,0.7806
2011-11-11,0.7773
2011-11-14,0.7916
2011-11-15,0.7805
2011-11-16,0.7714
2011-11-17,0.7656
2011-11-18,0.7589
2011-11-21,0.7569
2011-11-22,0.7471
2011-11-23,0.7473
2011-11-24,0.7404
2011-11-25,0.7419
2011-11-28,0.7489
2011-11-29,0.7556
2011-11-30,0.761
2011-12-01,0.7794
2011-12-02,0.7786
2011-12-05,0.7793
2011-12-06,0.7798
2011-12-07,0.7803
2011-12-08,0.7799
2011-12-09,0.7723
2011-12-12,0.7749
2011-12-13,0.763
2011-12-14,0.7568
2011-12-15,0.7505
2011-12-16,0.7536
2011-12-19,0.7637
2011-12-20,0.7559
2011-12-21,0.7677
2011-12-22,0.7704
2011-12-23,0.7743
2011-12-28,0.7728
2011-12-29,0.7691
2011-12-30,0.7713
2012-01-04,0.7906
2012-01-05,0.7875
2012-01-06,0.7807
2012-01-09,0.78
2012-01-10,0.7872
2012-01-11,0.794
2012-01-12,0.797
2012-01-13,0.7945
2012-01-16,0.793
2012-01-17,0.7936
2012-01-18,0.8003
2012-01-19,0.8032
2012-01-20,0.8026
2012-01-23,0.8063
2012-01-24,0.8106
2012-01-25,0.8117
2012-01-26,0.8165
2012-01-27,0.8218
2012-01-30,0.8232
2012-01-31,0.8189
2012-02-01,0.8254
2012-02-02,0.8336
2012-02-03,0.8332
2012-02-07,0.834
2012-02-08,0.8358
2012-02-09,0.8352
2012-02-10,0.8336
2012-02-13,0.8285
2012-02-14,0.834
2012-02-15,0.8332
2012-02-16,0.8335
2012-02-17,0.8332
2012-02-20,0.8396
2012-02-21,0.8398
2012-02-22,0.8339
2012-02-23,0.8288
2012-02-24,0.8362
2012-02-27,0.837
2012-02-28,0.8399
2012-02-29,0.8377
2012-03-01,0.8342
2012-03-02,0.8394
2012-03-05,0.8307
2012-03-06,0.8206
2012-03-07,0.8126
2012-03-08,0.8164
2012-03-09,0.8242
2012-03-12,0.8198
2012-03-13,0.8186
2012-03-14,0.8225
2012-03-15,0.8101
2012-03-16,0.8195
2012-03-19,0.8253
2012-03-20,0.8262
2012-03-21,0.8171
2012-03-22,0.8118
2012-03-23,0.8104
2012-03-26,0.8187
2012-03-27,0.8231
2012-03-28,0.8207
2012-03-29,0.8176
2012-03-30,0.8173
2012-04-02,0.8228
2012-04-03,0.8251
2012-04-04,0.8177
2012-04-05,0.8153
2012-04-10,0.8213
2012-04-11,0.8152
2012-04-12,0.8196
2012-04-13,0.8277
2012-04-16,0.8233
2012-04-17,0.8201
2012-04-18,0.8221
2012-04-19,0.8159
2012-04-20,0.8147
2012-04-23,0.8177
2012-04-24,0.8134
2012-04-26,0.8149
2012-04-27,0.8124
2012-04-30,0.8232
2012-05-01,0.8182
2012-05-02,0.815
2012-05-03,0.8075
2012-05-04,0.8005
2012-05-07,0.792
2012-05-08,0.7963
2012-05-09,0.7864
2012-05-10,0.7841
2012-05-11,0.7838
2012-05-14,0.7799
2012-05-15,0.777
2012-05-16,0.7689
2012-05-17,0.7647
2012-05-18,0.7635
2012-05-21,0.7544
2012-05-22,0.7668
2012-05-23,0.7545
2012-05-24,0.7524
2012-05-25,0.7537
2012-05-28,0.7598
2012-05-29,0.7608
2012-05-30,0.7612
2012-05-31,0.7518
2012-06-01,0.7529
2012-06-05,0.757
2012-06-06,0.7576
2012-06-07,0.77
2012-06-08,0.7682
2012-06-11,0.7772
2012-06-12,0.7677
2012-06-13,0.7782
2012-06-14,0.7756
2012-06-15,0.783
2012-06-18,0.7922
2012-06-19,0.793
2012-06-20,0.7962
2012-06-21,0.8
2012-06-22,0.7878
2012-06-25,0.7893
2012-06-26,0.7872
2012-06-27,0.7897
2012-06-28,0.7924
2012-06-29,0.7866
2012-07-02,0.8007
2012-07-03,0.8031
2012-07-04,0.8041
2012-07-05,0.8038
2012-07-06,0.8032
2012-07-09,0.7977
2012-07-10,0.7964
2012-07-11,0.7939
2012-07-12,0.7946
2012-07-13,0.7905
2012-07-16,0.7975
2012-07-17,0.7966
2012-07-18,0.7975
2012-07-19,0.7998
2012-07-20,0.8033
2012-07-23,0.797
2012-07-24,0.788
2012-07-25,0.7827
2012-07-26,0.7908
2012-07-27,0.8001
2012-07-30,0.8096
2012-07-31,0.8092
2012-08-01,0.8088
2012-08-02,0.8089
2012-08-03,0.8093
2012-08-06,0.8183
2012-08-07,0.8201
2012-08-08,0.8152
2012-08-09,0.8126
2012-08-10,0.8114
2012-08-13,0.812
2012-08-14,0.8098
2012-08-15,0.8049
2012-08-16,0.8069
2012-08-17,0.8114
2012-08-20,0.8066
2012-08-21,0.8098
2012-08-22,0.8101
2012-08-23,0.8142
2012-08-24,0.8124
2012-08-27,0.8111
2012-08-28,0.8085
2012-08-29,0.8043
2012-08-30,0.8013
2012-08-31,0.7984
2012-09-03,0.801
2012-09-04,0.7984
2012-09-05,0.7942
2012-09-06,0.7951
2012-09-07,0.8008
2012-09-10,0.811
2012-09-11,0.8095
2012-09-12,0.8169
2012-09-13,0.8209
2012-09-14,0.8314
2012-09-17,0.8292
2012-09-18,0.8268
2012-09-19,0.8274
2012-09-20,0.8297
2012-09-21,0.8292
2012-09-24,0.8283
2012-09-25,0.8225
2012-09-26,0.8202
2012-09-27,0.8246
2012-09-28,0.8306
2012-10-01,0.8286
2012-10-02,0.828
2012-10-03,0.8265
2012-10-04,0.8192
2012-10-05,0.8215
2012-10-08,0.8175
2012-10-09,0.8193
2012-10-10,0.8177
2012-10-11,0.8161
2012-10-12,0.8178
2012-10-15,0.8173
2012-10-16,0.8157
2012-10-17,0.8166
2012-10-18,0.8215
2012-10-19,0.8197
2012-10-23,0.8179
2012-10-24,0.812
2012-10-25,0.8196
2012-10-26,0.8195
2012-10-29,0.8225
2012-10-30,0.8191
2012-10-31,0.8215
2012-11-01,0.8222
2012-11-02,0.8266
2012-11-05,0.8247
2012-11-06,0.8257
2012-11-07,0.8275
2012-11-08,0.8182
2012-11-09,0.8152
2012-11-12,0.8146
2012-11-13,0.8176
2012-11-14,0.8164
2012-11-15,0.8103
2012-11-16,0.8092
2012-11-19,0.8134
2012-11-20,0.819
2012-11-21,0.8169
2012-11-22,0.815
2012-11-23,0.8161
2012-11-26,0.8238
2012-11-27,0.8231
2012-11-28,0.8207
2012-11-29,0.8235
2012-11-30,0.8229
2012-12-03,0.8205
2012-12-04,0.8208
2012-12-05,0.8237
2012-12-06,0.8289
2012-12-07,0.8328
2012-12-10,0.8322
2012-12-11,0.8348
2012-12-12,0.8392
2012-12-13,0.843
2012-12-14,0.8431
2012-12-17,0.8463
2012-12-18,0.8447
2012-12-19,0.8414
2012-12-20,0.8339
2012-12-21,0.8346
2012-12-24,0.8241
2012-12-27,0.8192
2012-12-28,0.8209
2012-12-31,0.8203
2013-01-03,0.8335
2013-01-04,0.8279
2013-01-07,0.8308
2013-01-08,0.8372
2013-01-09,0.8365
2013-01-10,0.8398
2013-01-11,0.8447
2013-01-14,0.8385
2013-01-15,0.8427
2013-01-16,0.8398
2013-01-17,0.8414
2013-01-18,0.836
2013-01-21,0.8366
2013-01-22,0.836
2013-01-23,0.8413
2013-01-24,0.8424
2013-01-25,0.8378
2013-01-28,0.8357
2013-01-29,0.8338
2013-01-30,0.8389
2013-01-31,0.8359
2013-02-01,0.8392
2013-02-04,0.8479
2013-02-05,0.8432
2013-02-07,0.8395
2013-02-08,0.833
2013-02-11,0.8366
2013-02-12,0.835
2013-02-13,0.8405
2013-02-14,0.8461
2013-02-15,0.8516
2013-02-18,0.8445
2013-02-19,0.8453
2013-02-20,0.8468
2013-02-21,0.8358
2013-02-22,0.8339
2013-02-25,0.8359
2013-02-26,0.8327
2013-02-27,0.8243
2013-02-28,0.828
2013-03-01,0.8248
2013-03-04,0.823
2013-03-05,0.8277
2013-03-06,0.8316
2013-03-07,0.8283
2013-03-08,0.8287
2013-03-11,0.8211
2013-03-12,0.8272
2013-03-13,0.8254
2013-03-14,0.8184
2013-03-15,0.8217
2013-03-18,0.8237
2013-03-19,0.8266
2013-03-20,0.8252
2013-03-21,0.8266
2013-03-22,0.8312
2013-03-25,0.8346
2013-03-26,0.8353
2013-03-27,0.8392
2013-03-28,0.8369
2013-04-02,0.8377
2013-04-03,0.8417
2013-04-04,0.8415
2013-04-05,0.8422
2013-04-08,0.8408
2013-04-09,0.8463
2013-04-10,0.8524
2013-04-11,0.8584
2013-04-12,0.8634
2013-04-15,0.8578
2013-04-16,0.8437
2013-04-17,0.851
2013-04-18,0.8448
2013-04-19,0.8415
2013-04-22,0.8412
2013-04-23,0.8427
2013-04-24,0.8432
2013-04-26,0.8506
2013-04-29,0.8498
2013-04-30,0.8551
2013-05-01,0.8569
2013-05-02,0.8508
2013-05-03,0.8511
2013-05-06,0.8537
2013-05-07,0.8514
2013-05-08,0.8456
2013-05-09,0.8457
2013-05-10,0.8409
2013-05-13,0.8288
2013-05-14,0.8246
2013-05-15,0.8214
2013-05-16,0.8238
2013-05-17,0.8174
2013-05-20,0.8084
2013-05-21,0.8179
2013-05-22,0.816
2013-05-23,0.805
2013-05-24,0.8109
2013-05-27,0.8091
2013-05-28,0.8087
2013-05-29,0.8063
2013-05-30,0.8096
2013-05-31,0.8092
2013-06-04,0.8095
2013-06-05,0.8023
2013-06-06,0.7962
2013-06-07,0.7994
2013-06-10,0.7849
2013-06-11,0.789
2013-06-12,0.7894
2013-06-13,0.7951
2013-06-14,0.8092
2013-06-17,0.8059
2013-06-18,0.799
2013-06-19,0.7991
2013-06-20,0.7857
2013-06-21,0.777
2013-06-24,0.7769
2013-06-25,0.7763
2013-06-26,0.7736
2013-06-27,0.7781
2013-06-28,0.7785
2013-07-01,0.7732
2013-07-02,0.7825
2013-07-03,0.7751
2013-07-04,0.7777
2013-07-05,0.7816
2013-07-08,0.7716
2013-07-09,0.7803
2013-07-10,0.7833
2013-07-11,0.7929
2013-07-12,0.7847
2013-07-15,0.7792
2013-07-16,0.7798
2013-07-17,0.7881
2013-07-18,0.7901
2013-07-19,0.7907
2013-07-22,0.7916
2013-07-23,0.7979
2013-07-24,0.8
2013-07-25,0.7973
2013-07-26,0.8065
2013-07-29,0.8093
2013-07-30,0.8021
2013-07-31,0.799
2013-08-01,0.7946
2013-08-02,0.79
2013-08-05,0.7778
2013-08-06,0.7841
2013-08-07,0.7899
2013-08-08,0.7958
2013-08-09,0.7994
2013-08-12,0.8044
2013-08-13,0.7978
2013-08-14,0.7983
2013-08-15,0.8042
2013-08-16,0.8068
2013-08-19,0.812
2013-08-20,0.8073
2013-08-21,0.7962
2013-08-22,0.7854
2013-08-23,0.7848
2013-08-26,0.7802
2013-08-27,0.7844
2013-08-28,0.7789
2013-08-29,0.7814
2013-08-30,0.7761
2013-09-02,0.7765
2013-09-03,0.7816
2013-09-04,0.7805
2013-09-05,0.7895
2013-09-06,0.789
2013-09-09,0.7987
2013-09-10,0.8014
2013-09-11,0.8059
2013-09-12,0.8129
2013-09-13,0.813
2013-09-16,0.8202
2013-09-17,0.8176
2013-09-18,0.8231
2013-09-19,0.8371
2013-09-20,0.8383
2013-09-23,0.8365
2013-09-24,0.8368
2013-09-25,0.824
2013-09-26,0.8244
2013-09-27,0.8292
2013-09-30,0.827
2013-10-01,0.8299
2013-10-02,0.8273
2013-10-03,0.8315
2013-10-04,0.8292
2013-10-07,0.8315
2013-10-08,0.8299
2013-10-09,0.8297
2013-10-10,0.8297
2013-10-11,0.828
2013-10-14,0.832
2013-10-15,0.8348
2013-10-16,0.8397
2013-10-17,0.8422
2013-10-18,0.8476
2013-10-21,0.8498
2013-10-22,0.8452
2013-10-23,0.8515
2013-10-24,0.8414
2013-10-25,0.8346
2013-10-29,0.8304
2013-10-30,0.8262
2013-10-31,0.8267
2013-11-01,0.8261
2013-11-04,0.8262
2013-11-05,0.8284
2013-11-06,0.8366
2013-11-07,0.8379
2013-11-08,0.8323
2013-11-11,0.8262
2013-11-12,0.8258
2013-11-13,0.822
2013-11-14,0.828
2013-11-15,0.8276
2013-11-18,0.8357
2013-11-19,0.8337
2013-11-20,0.837
2013-11-21,0.826
2013-11-22,0.8206
2013-11-25,0.8183
2013-11-26,0.8215
2013-11-27,0.82
2013-11-28,0.8151
2013-11-29,0.8125
2013-12-02,0.8167
2013-12-03,0.8189
2013-12-04,0.8242
2013-12-05,0.8198
2013-12-06,0.822
2013-12-09,0.8289
2013-12-10,0.8299
2013-12-11,0.8303
2013-12-12,0.8257
2013-12-13,0.8246
2013-12-16,0.8266
2013-12-17,0.8256
2013-12-18,0.8271
2013-12-19,0.8231
2013-12-20,0.8197
2013-12-23,0.8209
2013-12-24,0.8198
2013-12-27,0.8167
2013-12-30,0.8164
2013-12-31,0.8202
2014-01-03,0.8185
2014-01-06,0.8276
2014-01-07,0.8295
2014-01-08,0.8286
2014-01-09,0.8262
2014-01-10,0.8255
2014-01-13,0.8294
2014-01-14,0.8376
2014-01-15,0.8378
2014-01-16,0.8338
2014-01-17,0.8347
2014-01-20,0.8263
2014-01-21,0.8321
2014-01-22,0.8317
2014-01-23,0.831
2014-01-24,0.8307
2014-01-27,0.8228
2014-01-28,0.8236
2014-01-29,0.8284
2014-01-30,0.8209
2014-01-31,0.8168
2014-02-03,0.8106
2014-02-04,0.8083
2014-02-05,0.8249
2014-02-07,0.8248
2014-02-10,0.8286
2014-02-11,0.8266
2014-02-12,0.8318
2014-02-13,0.8317
2014-02-14,0.834
2014-02-17,0.8366
2014-02-18,0.8366
2014-02-19,0.8307
2014-02-20,0.827
2014-02-21,0.8312
2014-02-24,0.8282
2014-02-25,0.8331
2014-02-26,0.8326
2014-02-27,0.8316
2014-02-28,0.8376
2014-03-03,0.8364
2014-03-04,0.837
2014-03-05,0.8385
2014-03-06,0.8419
2014-03-07,0.8475
2014-03-10,0.847
2014-03-11,0.8471
2014-03-12,0.8468
2014-03-13,0.852
2014-03-14,0.8543
2014-03-17,0.8536
2014-03-18,0.8562
2014-03-19,0.8622
2014-03-20,0.8537
2014-03-21,0.8531
2014-03-24,0.8536
2014-03-25,0.8544
2014-03-26,0.8572
2014-03-27,0.8596
2014-03-28,0.8671
2014-03-31,0.8664
2014-04-01,0.8674
2014-04-02,0.8628
2014-04-03,0.8573
2014-04-04,0.8546
2014-04-07,0.8599
2014-04-08,0.8607
2014-04-09,0.8666
2014-04-10,0.8716
2014-04-11,0.8678
2014-04-14,0.8683
2014-04-15,0.8687
2014-04-16,0.8629
2014-04-17,0.8625
2014-04-22,0.8575
2014-04-23,0.861
2014-04-24,0.8608
2014-04-28,0.8582
2014-04-29,0.8544
2014-04-30,0.8556
2014-05-01,0.8613
2014-05-02,0.8629
2014-05-05,0.8663
2014-05-06,0.8683
2014-05-07,0.8699
2014-05-08,0.8653
2014-05-09,0.8649
2014-05-12,0.8624
2014-05-13,0.8623
2014-05-14,0.8626
2014-05-15,0.8661
2014-05-16,0.8653
2014-05-19,0.864
2014-05-20,0.8633
2014-05-21,0.8566
2014-05-22,0.8572
2014-05-23,0.8567
2014-05-26,0.8545
2014-05-27,0.8552
2014-05-28,0.8569
2014-05-29,0.8494
2014-05-30,0.8495
2014-06-03,0.8443
2014-06-04,0.8438
2014-06-05,0.8422
2014-06-06,0.8493
2014-06-09,0.8503
2014-06-10,0.8497
2014-06-11,0.853
2014-06-12,0.8608
2014-06-13,0.8679
2014-06-16,0.8669
2014-06-17,0.8677
2014-06-18,0.8658
2014-06-19,0.8719
2014-06-20,0.871
2014-06-23,0.8703
2014-06-24,0.8714
2014-06-25,0.8674
2014-06-26,0.8729
2014-06-27,0.8784
2014-06-30,0.8776
2014-07-01,0.876
2014-07-02,0.8768
2014-07-03,0.8764
2014-07-04,0.8751
2014-07-07,0.8734
2014-07-08,0.875
2014-07-09,0.8789
2014-07-10,0.8821
2014-07-11,0.8817
2014-07-14,0.8816
2014-07-15,0.881
2014-07-16,0.8728
2014-07-17,0.8715
2014-07-18,0.8659
2014-07-21,0.8703
2014-07-22,0.8685
2014-07-23,0.8673
2014-07-24,0.8605
2014-07-25,0.8576
2014-07-28,0.8552
2014-07-29,0.8547
2014-07-30,0.8512
2014-07-31,0.8486
2014-08-01,0.8505
2014-08-04,0.851
2014-08-05,0.8528
2014-08-06,0.8439
2014-08-07,0.8474
2014-08-08,0.8463
2014-08-11,0.8461
2014-08-12,0.8453
2014-08-13,0.8434
2014-08-14,0.8476
2014-08-15,0.8488
2014-08-18,0.848
2014-08-19,0.8463
2014-08-20,0.8428
2014-08-21,0.8372
2014-08-22,0.84
2014-08-25,0.8352
2014-08-26,0.8321
2014-08-27,0.8338
2014-08-28,0.8372
2014-08-29,0.8377
2014-09-01,0.8358
2014-09-02,0.8385
2014-09-03,0.8315
2014-09-04,0.8326
2014-09-05,0.8294
2014-09-08,0.8314
2014-09-09,0.8276
2014-09-10,0.8253
2014-09-11,0.82
2014-09-12,0.8194
2014-09-15,0.8144
2014-09-16,0.818
2014-09-17,0.8195
2014-09-18,0.8092
2014-09-19,0.815
2014-09-22,0.8152
2014-09-23,0.8115
2014-09-24,0.8075
2014-09-25,0.8067
2014-09-26,0.7946
2014-09-29,0.7865
2014-09-30,0.7767
2014-10-01,0.7809
2014-10-02,0.7784
2014-10-03,0.7899
2014-10-06,0.7753
2014-10-07,0.7836
2014-10-08,0.7826
2014-10-09,0.7898
2014-10-10,0.7859
2014-10-13,0.7804
2014-10-14,0.7883
2014-10-15,0.7838
2014-10-16,0.798
2014-10-17,0.7929
2014-10-20,0.7928
2014-10-21,0.7975
2014-10-22,0.7961
2014-10-23,0.7876
2014-10-24,0.7818
2014-10-28,0.7892
2014-10-29,0.7923
2014-10-30,0.7816
2014-10-31,0.784
2014-11-03,0.7775
2014-11-04,0.7722
2014-11-05,0.7818
2014-11-06,0.7731
2014-11-07,0.7691
2014-11-10,0.7772
2014-11-11,0.7759
2014-11-12,0.7808
2014-11-13,0.788
2014-11-14,0.7882
2014-11-17,0.7952
2014-11-18,0.7914
2014-11-19,0.7923
2014-11-20,0.7851
2014-11-21,0.7867
2014-11-24,0.7883
2014-11-25,0.7861
2014-11-26,0.7809
2014-11-27,0.7871
2014-11-28,0.7866
2014-12-01,0.7825
2014-12-02,0.7869
2014-12-03,0.7807
2014-12-04,0.7763
2014-12-05,0.7778
2014-12-08,0.7703
2014-12-09,0.7653
2014-12-10,0.7678
2014-12-11,0.7819
2014-12-12,0.7816
2014-12-15,0.7779
2014-12-16,0.7742
2014-12-17,0.7797
2014-12-18,0.7708
2014-12-19,0.7762
2014-12-22,0.7746
2014-12-23,0.7727
2014-12-24,0.7707
2014-12-29,0.7756
2014-12-30,0.7788
2014-12-31,0.7829
2015-01-05,0.7677
2015-01-06,0.7689
2015-01-07,0.776
2015-01-08,0.7782
2015-01-09,0.782
2015-01-12,0.7849
2015-01-13,0.7784
2015-01-14,0.7738
2015-01-15,0.7722
2015-01-16,0.781
2015-01-19,0.7789
2015-01-20,0.7782
2015-01-21,0.7642
2015-01-22,0.7563
2015-01-23,0.7497
2015-01-26,0.7428
2015-01-27,0.7427
2015-01-28,0.7455
2015-01-29,0.7325
2015-01-30,0.7268
2015-02-02,0.725
2015-02-03,0.7303
2015-02-04,0.7346
2015-02-05,0.7364
2015-02-09,0.7352
2015-02-10,0.7411
2015-02-11,0.74
2015-02-12,0.7366
2015-02-13,0.7426
2015-02-16,0.7485
2015-02-17,0.75
2015-02-18,0.7536
2015-02-19,0.7549
2015-02-20,0.7516
2015-02-23,0.7526
2015-02-24,0.7526
2015-02-25,0.7491
2015-02-26,0.7557
2015-02-27,0.7531
2015-03-02,0.7557
2015-03-03,0.7511
2015-03-04,0.7547
2015-03-05,0.7594
2015-03-06,0.7485
2015-03-09,0.7367
2015-03-10,0.7358
2015-03-11,0.7279
2015-03-12,0.7278
2015-03-13,0.7392
2015-03-16,0.733
2015-03-17,0.7371
2015-03-18,0.7315
2015-03-19,0.7475
2015-03-20,0.7417
2015-03-23,0.7584
2015-03-24,0.766
2015-03-25,0.7636
2015-03-26,0.761
2015-03-27,0.7597
2015-03-30,0.7557
2015-03-31,0.749
2015-04-01,0.7472
2015-04-02,0.7461
2015-04-07,0.7543
2015-04-08,0.7505
2015-04-09,0.7556
2015-04-10,0.7559
2015-04-13,0.7528
2015-04-14,0.7456
2015-04-15,0.7513
2015-04-16,0.7591
2015-04-17,0.7662
2015-04-20,0.7693
2015-04-21,0.7659
2015-04-22,0.7668
2015-04-23,0.7645
2015-04-24,0.7586
2015-04-28,0.7639
2015-04-29,0.7733
2015-04-30,0.7612
2015-05-01,0.7583
2015-05-04,0.7522
2015-05-05,0.7537
2015-05-06,0.748
2015-05-07,0.7494
2015-05-08,0.7428
2015-05-11,0.7407
2015-05-12,0.7347
2015-05-13,0.7367
2015-05-14,0.7549
2015-05-15,0.7473
2015-05-18,0.7422
2015-05-19,0.7367
2015-05-20,0.7363
2015-05-21,0.7316
2015-05-22,0.7378
2015-05-25,0.7303
2015-05-26,0.7309
2015-05-27,0.7238
2015-05-28,0.724
2015-05-29,0.7148
2015-06-02,0.7109
2015-06-03,0.7191
2015-06-04,0.7138
2015-06-05,0.7133
2015-06-08,0.7049
2015-06-09,0.7126
2015-06-10,0.7147
2015-06-11,0.7017
2015-06-12,0.7021
2015-06-15,0.6972
2015-06-16,0.7001
2015-06-17,0.6978
2015-06-18,0.69
2015-06-19,0.6927
2015-06-22,0.6913
2015-06-23,0.6864
2015-06-24,0.6859
2015-06-25,0.6901
2015-06-26,0.6889
2015-06-29,0.6834
2015-06-30,0.6822
2015-07-01,0.6789
2015-07-02,0.6707
2015-07-03,0.6714
2015-07-06,0.668
2015-07-07,0.6677
2015-07-08,0.6639
2015-07-09,0.6731
2015-07-10,0.6755
2015-07-13,0.672
2015-07-14,0.6681
2015-07-15,0.6718
2015-07-16,0.6548
2015-07-17,0.6532
2015-07-20,0.6517
2015-07-21,0.6595
2015-07-22,0.6625
2015-07-23,0.6612
2015-07-24,0.6598
2015-07-27,0.6594
2015-07-28,0.6628
2015-07-29,0.6712
2015-07-30,0.6642
2015-07-31,0.6577
2015-08-03,0.6589
2015-08-04,0.6562
2015-08-05,0.6527
2015-08-06,0.6536
2015-08-07,0.6546
2015-08-10,0.6622
2015-08-11,0.656
2015-08-12,0.6496
2015-08-13,0.6618
2015-08-14,0.6539
2015-08-17,0.6542
2015-08-18,0.6599
2015-08-19,0.6584
2015-08-20,0.6605
2015-08-21,0.6612
2015-08-24,0.6621
2015-08-25,0.6512
2015-08-26,0.6494
2015-08-27,0.6465
2015-08-28,0.6494
2015-08-31,0.642
2015-09-01,0.6368
2015-09-02,0.635
2015-09-03,0.6362
2015-09-04,0.6381
2015-09-07,0.6286
2015-09-08,0.6277
2015-09-09,0.6397
2015-09-10,0.6272
2015-09-11,0.6301
2015-09-14,0.6331
2015-09-15,0.6321
2015-09-16,0.6363
2015-09-17,0.6349
2015-09-18,0.6357
2015-09-21,0.6375
2015-09-22,0.6323
2015-09-23,0.6262
2015-09-24,0.6294
2015-09-25,0.6327
2015-09-28,0.6381
2015-09-29,0.6301
2015-09-30,0.6374
2015-10-01,0.6405
2015-10-02,0.6406
2015-10-05,0.6451
2015-10-06,0.6486
2015-10-07,0.654
2015-10-08,0.6617
2015-10-09,0.6667
2015-10-12,0.6684
2015-10-13,0.6685
2015-10-14,0.6657
2015-10-15,0.6812
2015-10-16,0.6832
2015-10-19,0.6787
2015-10-20,0.6798
2015-10-21,0.675
2015-10-22,0.6727
2015-10-23,0.683
2015-10-27,0.6778
2015-10-28,0.6753
2015-10-29,0.6678
2015-10-30,0.6731
2015-11-02,0.6767
2015-11-03,0.6763
2015-11-04,0.6645
2015-11-05,0.6589
2015-11-06,0.6604
2015-11-09,0.6524
2015-11-10,0.6527
2015-11-11,0.6546
2015-11-12,0.6574
2015-11-13,0.654
2015-11-16,0.6527
2015-11-17,0.6474
2015-11-18,0.6472
2015-11-19,0.6519
2015-11-20,0.6554
2015-11-23,0.6533
2015-11-24,0.6514
2015-11-25,0.6563
2015-11-26,0.6579
2015-11-27,0.6574
2015-11-30,0.6516
2015-12-01,0.6603
2015-12-02,0.6669
2015-12-03,0.6633
2015-12-04,0.6676
2015-12-07,0.6715
2015-12-08,0.664
2015-12-09,0.6637
2015-12-10,0.6776
2015-12-11,0.6742
2015-12-14,0.6709
2015-12-15,0.678
2015-12-16,0.6756
2015-12-17,0.6762
2015-12-18,0.6689
2015-12-21,0.6725
2015-12-22,0.6782
2015-12-23,0.6814
2015-12-24,0.6797
2015-12-29,0.6861
2015-12-30,0.6864
2015-12-31,0.6848
2016-01-05,0.675
2016-01-06,0.6693
2016-01-07,0.6644
2016-01-08,0.663
2016-01-11,0.653
2016-01-12,0.6559
2016-01-13,0.6557
2016-01-14,0.6473
2016-01-15,0.6476
2016-01-18,0.6438
2016-01-19,0.645
2016-01-20,0.6369
2016-01-21,0.6459
2016-01-22,0.6527
2016-01-25,0.6471
2016-01-26,0.6447
2016-01-27,0.65
2016-01-28,0.6436
2016-01-29,0.6482
2016-02-01,0.6459
2016-02-02,0.6538
2016-02-03,0.6535
2016-02-04,0.667
2016-02-05,0.6727
2016-02-09,0.6598
2016-02-10,0.663
2016-02-11,0.6721
2016-02-12,0.6684
2016-02-15,0.6634
2016-02-16,0.6667
2016-02-17,0.6574
2016-02-18,0.6638
2016-02-19,0.6627
2016-02-22,0.6636
2016-02-23,0.6699
2016-02-24,0.6635
2016-02-25,0.6656
2016-02-26,0.6765
2016-02-29,0.6579
2016-03-01,0.6604
2016-03-02,0.6634
2016-03-03,0.6663
2016-03-04,0.6731
2016-03-07,0.6794
2016-03-08,0.6781
2016-03-09,0.6747
2016-03-10,0.6629
2016-03-11,0.668
2016-03-14,0.6747
2016-03-15,0.6658
2016-03-16,0.6605
2016-03-17,0.677
2016-03-18,0.6841
2016-03-21,0.6772
2016-03-22,0.6763
2016-03-23,0.6766
2016-03-24,0.6701
2016-03-29,0.6735
2016-03-30,0.6863
2016-03-31,0.6913
2016-04-01,0.6931
2016-04-04,0.6893
2016-04-05,0.6814
2016-04-06,0.6809
2016-04-07,0.6816
2016-04-08,0.6789
2016-04-11,0.6803
2016-04-12,0.6868
2016-04-13,0.6934
2016-04-14,0.6847
2016-04-15,0.6884
2016-04-18,0.6905
2016-04-19,0.6984
2016-04-20,0.7017
2016-04-21,0.6965
2016-04-22,0.6932
2016-04-26,0.6879
2016-04-27,0.6879
2016-04-28,0.6905
2016-04-29,0.6985
2016-05-02,0.7008
2016-05-03,0.7047
2016-05-04,0.6892
2016-05-05,0.689
2016-05-06,0.6856
2016-05-09,0.6848
2016-05-10,0.6745
2016-05-11,0.6807
2016-05-12,0.6822
2016-05-13,0.6801
2016-05-16,0.6749
2016-05-17,0.6807
2016-05-18,0.6787
2016-05-19,0.674
2016-05-20,0.6767
2016-05-23,0.678
2016-05-24,0.6728
2016-05-25,0.6745
2016-05-26,0.6699
2016-05-27,0.6752
2016-05-30,0.6684
2016-05-31,0.6725
2016-06-01,0.6796
2016-06-02,0.6819
2016-06-03,0.6816
2016-06-07,0.6903
2016-06-08,0.6977
2016-06-09,0.7121
2016-06-10,0.7106
2016-06-13,0.7042
2016-06-14,0.7043
2016-06-15,0.6983
2016-06-16,0.7069
2016-06-17,0.7049
2016-06-20,0.7095
2016-06-21,0.7123
2016-06-22,0.7133
2016-06-23,0.7179
2016-06-24,0.7181
2016-06-27,0.7059
2016-06-28,0.7036
2016-06-29,0.7078
2016-06-30,0.71
2016-07-01,0.7128
2016-07-04,0.7183
2016-07-05,0.7202
2016-07-06,0.7093
2016-07-07,0.7141
2016-07-08,0.7271
2016-07-11,0.7286
2016-07-12,0.7247
2016-07-13,0.7264
2016-07-14,0.7284
2016-07-15,0.7151
2016-07-18,0.709
2016-07-19,0.7026
2016-07-20,0.7049
2016-07-21,0.6976
2016-07-22,0.6982
2016-07-25,0.6974
2016-07-26,0.6999
2016-07-27,0.704
2016-07-28,0.7096
2016-07-29,0.7109
2016-08-01,0.7212
2016-08-02,0.7176
2016-08-03,0.7202
2016-08-04,0.718
2016-08-05,0.7185
2016-08-08,0.7106
2016-08-09,0.7143
2016-08-10,0.7205
2016-08-11,0.728
2016-08-12,0.7199
2016-08-15,0.7194
2016-08-16,0.7203
2016-08-17,0.7283
2016-08-18,0.7305
2016-08-19,0.7255
2016-08-22,0.7224
2016-08-23,0.7311
2016-08-24,0.7275
2016-08-25,0.7328
2016-08-26,0.731
2016-08-29,0.7218
2016-08-30,0.7237
2016-08-31,0.7247
2016-09-01,0.726
2016-09-02,0.7282
2016-09-05,0.7308
2016-09-06,0.7308
2016-09-07,0.7419
2016-09-08,0.7472
2016-09-09,0.7404
2016-09-12,0.7321
2016-09-13,0.7341
2016-09-14,0.7251
2016-09-15,0.7273
2016-09-16,0.7314
2016-09-19,0.7294
2016-09-20,0.7309
2016-09-21,0.7314
2016-09-22,0.7337
2016-09-23,0.7279
2016-09-26,0.7243
2016-09-27,0.7265
2016-09-28,0.7289
2016-09-29,0.7287
2016-09-30,0.7231
2016-10-03,0.7265
2016-10-04,0.7298
2016-10-05,0.7186
2016-10-06,0.7162
2016-10-07,0.7141
2016-10-10,0.7169
2016-10-11,0.711
2016-10-12,0.7067
2016-10-13,0.7042
2016-10-14,0.7095
2016-10-17,0.7089
2016-10-18,0.7187
2016-10-19,0.7219
2016-10-20,0.7248
2016-10-21,0.7183
2016-10-25,0.713
2016-10-26,0.716
2016-10-27,0.7151
2016-10-28,0.7125
2016-10-31,0.7144
2016-11-01,0.7162
2016-11-02,0.7213
2016-11-03,0.7293
2016-11-04,0.7316
2016-11-07,0.7322
2016-11-08,0.7332
2016-11-09,0.7384
2016-11-10,0.7295
2016-11-11,0.7194
2016-11-14,0.7086
2016-11-15,0.7133
2016-11-16,0.7087
2016-11-17,0.7093
2016-11-18,0.7032
2016-11-21,0.7016
2016-11-22,0.7071
2016-11-23,0.7062
2016-11-24,0.6999
2016-11-25,0.7001
2016-11-28,0.7056
2016-11-29,0.7079
2016-11-30,0.714
2016-12-01,0.7085
2016-12-02,0.7091
2016-12-05,0.7084
2016-12-06,0.7151
2016-12-07,0.7123
2016-12-08,0.7203
2016-12-09,0.7175
2016-12-12,0.7125
2016-12-13,0.7199
2016-12-14,0.7199
2016-12-15,0.7086
2016-12-16,0.7026
2016-12-19,0.6972
2016-12-20,0.6928
2016-12-21,0.6923
2016-12-22,0.6909
2016-12-23,0.6906
2016-12-28,0.69
2016-12-29,0.692
2016-12-30,0.6968
2017-01-04,0.6896
2017-01-05,0.6997
2017-01-06,0.7014
2017-01-09,0.6967
2017-01-10,0.7012
2017-01-11,0.6976
2017-01-12,0.7053
2017-01-13,0.7108
2017-01-16,0.712
2017-01-17,0.7101
2017-01-18,0.7206
2017-01-19,0.7121
2017-01-20,0.7187
2017-01-23,0.7184
2017-01-24,0.7241
2017-01-25,0.7254
2017-01-26,0.7295
2017-01-27,0.7245
2017-01-30,0.7269
2017-01-31,0.7281
2017-02-01,0.7292
2017-02-02,0.73
2017-02-03,0.7286
2017-02-07,0.7307
2017-02-08,0.7306
2017-02-09,0.7236
2017-02-10,0.7185
2017-02-13,0.7192
2017-02-14,0.7181
2017-02-15,0.7155
2017-02-16,0.7236
2017-02-17,0.7212
2017-02-20,0.7183
2017-02-21,0.7163
2017-02-22,0.716
2017-02-23,0.7193
2017-02-24,0.7224
2017-02-27,0.7195
2017-02-28,0.7182
2017-03-01,0.7154
2017-03-02,0.7142
2017-03-03,0.7058
2017-03-06,0.7025
2017-03-07,0.6986
2017-03-08,0.6964
2017-03-09,0.6907
2017-03-10,0.6898
2017-03-13,0.6918
2017-03-14,0.6917
2017-03-15,0.6928
2017-03-16,0.7029
2017-03-17,0.6989
2017-03-20,0.7029
2017-03-21,0.7055
2017-03-22,0.7035
2017-03-23,0.7029
2017-03-24,0.7028
2017-03-27,0.7049
2017-03-28,0.7046
2017-03-29,0.7005
2017-03-30,0.7029
2017-03-31,0.6991
2017-04-03,0.701
2017-04-04,0.7002
2017-04-05,0.6977
2017-04-06,0.697
2017-04-07,0.6964
2017-04-10,0.6928
2017-04-11,0.6954
2017-04-12,0.6948
2017-04-13,0.6994
2017-04-18,0.7006
2017-04-19,0.7044
2017-04-20,0.7034
2017-04-21,0.6994
2017-04-24,0.7028
2017-04-26,0.694
2017-04-27,0.6901
2017-04-28,0.6877
2017-05-01,0.6857
2017-05-02,0.6927
2017-05-03,0.6951
2017-05-04,0.6886
2017-05-05,0.6867
2017-05-08,0.6905
2017-05-09,0.6918
2017-05-10,0.69
2017-05-11,0.6825
2017-05-12,0.6838
2017-05-15,0.6874
2017-05-16,0.6903
2017-05-17,0.6885
2017-05-18,0.6929
2017-05-19,0.6889
2017-05-22,0.693
2017-05-23,0.7007
2017-05-24,0.7015
2017-05-25,0.7049
2017-05-26,0.7018
2017-05-29,0.7046
2017-05-30,0.7041
2017-05-31,0.7101
2017-06-01,0.7074
2017-06-02,0.7071
2017-06-06,0.714
2017-06-07,0.7181
2017-06-08,0.72
2017-06-09,0.7217
2017-06-12,0.7207
2017-06-13,0.7217
2017-06-14,0.7219
2017-06-15,0.7233
2017-06-16,0.7211
2017-06-19,0.7293
2017-06-20,0.7233
2017-06-21,0.723
2017-06-22,0.7246
2017-06-23,0.7258
2017-06-26,0.7279
2017-06-27,0.7289
2017-06-28,0.7284
2017-06-29,0.733
2017-06-30,0.7326
2017-07-03,0.7334
2017-07-04,0.7266
2017-07-05,0.7286
2017-07-06,0.7265
2017-07-07,0.7284
2017-07-10,0.7267
2017-07-11,0.7241
2017-07-12,0.7224
2017-07-13,0.7268
2017-07-14,0.7324
2017-07-17,0.7331
2017-07-18,0.7312
2017-07-19,0.7345
2017-07-20,0.7351
2017-07-21,0.7402
2017-07-24,0.7439
2017-07-25,0.7424
2017-07-26,0.7433
2017-07-27,0.7538
2017-07-28,0.7487
2017-07-31,0.752
2017-08-01,0.7518
2017-08-02,0.7419
2017-08-03,0.7403
2017-08-04,0.7435
2017-08-07,0.7411
2017-08-08,0.7365
2017-08-09,0.7311
2017-08-10,0.733
2017-08-11,0.7258
2017-08-14,0.7316
2017-08-15,0.7307
2017-08-16,0.7233
2017-08-17,0.7317
2017-08-18,0.7292
2017-08-21,0.7316
2017-08-22,0.7325
2017-08-23,0.7242
2017-08-24,0.7217
2017-08-25,0.7205
2017-08-28,0.7249
2017-08-29,0.7249
2017-08-30,0.7255
2017-08-31,0.7173
2017-09-01,0.7179
2017-09-04,0.717
2017-09-05,0.7173
2017-09-06,0.7237
2017-09-07,0.7214
2017-09-08,0.726
2017-09-11,0.7234
2017-09-12,0.7242
2017-09-13,0.7281
2017-09-14,0.7256
2017-09-15,0.7223
2017-09-18,0.7307
2017-09-19,0.7268
2017-09-20,0.733
2017-09-21,0.7336
2017-09-22,0.729
2017-09-25,0.7285
2017-09-26,0.7242
2017-09-27,0.7196
2017-09-28,0.7232
2017-09-29,0.7221
2017-10-02,0.7207
2017-10-03,0.7179
2017-10-04,0.7191
2017-10-05,0.7161
2017-10-06,0.7106
2017-10-09,0.7071
2017-10-10,0.7071
2017-10-11,0.7094
2017-10-12,0.7095
2017-10-13,0.7134
2017-10-16,0.7178
2017-10-17,0.7186
2017-10-18,0.7167
2017-10-19,0.7163
2017-10-20,0.7005
2017-10-24,0.6984
2017-10-25,0.6896
2017-10-26,0.6876
2017-10-27,0.6829
2017-10-30,0.6859
2017-10-31,0.6856
2017-11-01,0.6887
2017-11-02,0.6912
2017-11-03,0.6922
2017-11-06,0.6899
2017-11-07,0.6952
2017-11-08,0.6905
2017-11-09,0.6946
2017-11-10,0.6955
2017-11-13,0.6925
2017-11-14,0.689
2017-11-15,0.6881
2017-11-16,0.686
2017-11-17,0.686
2017-11-20,0.6806
2017-11-21,0.6816
2017-11-22,0.6846
2017-11-23,0.6871
2017-11-24,0.6881
2017-11-27,0.6869
2017-11-28,0.6918
2017-11-29,0.6888
2017-11-30,0.6846
2017-12-01,0.6837
2017-12-04,0.6863
2017-12-05,0.6887
2017-12-06,0.6884
2017-12-07,0.6874
2017-12-08,0.6828
2017-12-11,0.6854
2017-12-12,0.6913
2017-12-13,0.6951
2017-12-14,0.7013
2017-12-15,0.6988
2017-12-18,0.7003
2017-12-19,0.7008
2017-12-20,0.6979
2017-12-21,0.7001
2017-12-22,0.7015
2017-12-27,0.7034
2017-12-28,0.7075
2017-12-29,0.7097
2018-01-03,0.7095
2018-01-04,0.7086
2018-01-05,0.71535
2018-01-08,0.71705
2018-01-09,0.718
2018-01-10,0.7152
2018-01-11,0.7201
2018-01-12,0.727
2018-01-15,0.7258
2018-01-16,0.7289
2018-01-17,0.7284
2018-01-18,0.72565
2018-01-19,0.72975
2018-01-22,0.728
2018-01-23,0.7334
2018-01-24,0.7356
2018-01-25,0.7351
2018-01-26,0.7321
2018-01-29,0.73465
2018-01-30,0.7323
2018-01-31,0.73465
2018-02-01,0.73675
2018-02-02,0.7388
2018-02-05,0.73005
2018-02-07,0.7333
2018-02-08,0.7212
2018-02-09,0.7218
2018-02-12,0.7251
2018-02-13,0.725
2018-02-14,0.728
2018-02-15,0.73755
2018-02-16,0.73925
2018-02-19,0.73965
2018-02-20,0.7364
2018-02-21,0.73405
2018-02-22,0.73155
2018-02-23,0.73255
2018-02-26,0.7283
2018-02-27,0.7299
2018-02-28,0.7233
2018-03-01,0.71965
2018-03-02,0.7269
2018-03-05,0.72295
2018-03-06,0.7236
2018-03-07,0.7286
2018-03-08,0.7283
2018-03-09,0.7255
2018-03-12,0.7296
2018-03-13,0.73055
2018-03-14,0.7334
2018-03-15,0.732
2018-03-16,0.7259
2018-03-19,0.722
2018-03-20,0.7239
2018-03-21,0.71835
2018-03-22,0.72365
2018-03-23,0.72255
2018-03-26,0.72565
2018-03-27,0.7292
2018-03-28,0.7267
2018-03-29,0.7203
2018-04-03,0.7203
2018-04-04,0.72735
2018-04-05,0.7309
2018-04-06,0.7268
2018-04-09,0.7289
2018-04-10,0.73165
2018-04-11,0.7363
2018-04-12,0.7363
2018-04-13,0.7373
2018-04-16,0.7352
2018-04-17,0.7355
2018-04-18,0.7335
2018-04-19,0.73145
2018-04-20,0.7249
2018-04-23,0.7208
2018-04-24,0.7123
2018-04-26,0.7069
2018-04-27,0.7064
2018-04-30,0.7079
2018-05-01,0.7033
2018-05-02,0.701
2018-05-03,0.7007
2018-05-04,0.70505
2018-05-07,0.7029
2018-05-08,0.70185
2018-05-09,0.6961
2018-05-10,0.69205
2018-05-11,0.6961
2018-05-14,0.6972
2018-05-15,0.6915
2018-05-16,0.6863
2018-05-17,0.6913
2018-05-18,0.68855
2018-05-21,0.6904
2018-05-22,0.695
2018-05-23,0.6915
2018-05-24,0.6915
2018-05-25,0.6933
2018-05-28,0.6946
2018-05-29,0.693
2018-05-30,0.6906
2018-05-31,0.69705
2018-06-01,0.7011
2018-06-05,0.7036
2018-06-06,0.7037
2018-06-07,0.7039
2018-06-08,0.7024
2018-06-11,0.7042
2018-06-12,0.702
2018-06-13,0.7005
2018-06-14,0.7023
2018-06-15,0.6954
2018-06-18,0.6924
2018-06-19,0.6934
2018-06-20,0.69145
2018-06-21,0.6844
2018-06-22,0.6879
2018-06-25,0.69055
2018-06-26,0.6892
2018-06-27,0.682
2018-06-28,0.6773
2018-06-29,0.6741
2018-07-02,0.678
2018-07-03,0.6703
2018-07-04,0.6773
2018-07-05,0.67645
2018-07-06,0.6784
2018-07-09,0.6841
2018-07-10,0.6851
2018-07-11,0.68155
2018-07-12,0.6753
2018-07-13,0.67775
2018-07-16,0.6768
2018-07-17,0.6772
2018-07-18,0.6778
2018-07-19,0.67985
2018-07-20,0.6729
2018-07-23,0.6816
2018-07-24,0.6795
2018-07-25,0.6799
2018-07-26,0.6839
2018-07-27,0.6778
2018-07-30,0.68
2018-07-31,0.6823
2018-08-01,0.6805
2018-08-02,0.6792
2018-08-03,0.673
2018-08-06,0.6751
2018-08-07,0.67315
2018-08-08,0.6736
2018-08-09,0.667
2018-08-10,0.6602
2018-08-13,0.6585
2018-08-14,0.6591
2018-08-15,0.6564
2018-08-16,0.65775
2018-08-17,0.6596
2018-08-20,0.662
2018-08-21,0.6647
2018-08-22,0.6708
2018-08-23,0.6676
2018-08-24,0.66345
2018-08-27,0.6687
2018-08-28,0.6698
2018-08-29,0.67075
2018-08-30,0.6667
2018-08-31,0.66475
2018-09-03,0.6597
2018-09-04,0.6595
2018-09-05,0.6548
2018-09-06,0.6602
2018-09-07,0.65845
2018-09-10,0.6519
2018-09-11,0.6528
2018-09-12,0.6511
2018-09-13,0.6554
2018-09-14,0.6575
2018-09-17,0.6549
2018-09-18,0.6575
2018-09-19,0.65735
2018-09-20,0.6647
2018-09-21,0.6683
2018-09-24,0.66745
2018-09-25,0.66385
2018-09-26,0.66785
2018-09-27,0.6648
2018-09-28,0.66155
2018-10-01,0.6621
2018-10-02,0.6609
2018-10-03,0.6575
2018-10-04,0.64975
2018-10-05,0.6481
2018-10-08,0.6427
2018-10-09,0.6449
2018-10-10,0.64905
2018-10-11,0.6467
2018-10-12,0.65285
2018-10-15,0.65055
2018-10-16,0.6579
2018-10-17,0.6591
2018-10-18,0.6541
2018-10-19,0.6544
2018-10-23,0.6548
2018-10-24,0.65525
2018-10-25,0.6521
2018-10-26,0.6516
2018-10-29,0.6523
2018-10-30,0.6533
2018-10-31,0.6551
2018-11-01,0.65395
2018-11-02,0.6662
2018-11-05,0.66555
2018-11-06,0.6663
2018-11-07,0.6757
2018-11-08,0.67775
2018-11-09,0.67545
2018-11-12,0.674
2018-11-13,0.6718
2018-11-14,0.67665
2018-11-15,0.68035
2018-11-16,0.68315
2018-11-19,0.6866
2018-11-20,0.68425
2018-11-21,0.67875
2018-11-22,0.68285
2018-11-23,0.6812
2018-11-26,0.677
2018-11-27,0.6768
2018-11-28,0.679
2018-11-29,0.6843
2018-11-30,0.68615
2018-12-03,0.6891
2018-12-04,0.69295
2018-12-05,0.6943
2018-12-06,0.68825
2018-12-07,0.68795
2018-12-10,0.68635
2018-12-11,0.68735
2018-12-12,0.6889
2018-12-13,0.68535
2018-12-14,0.68385
2018-12-17,0.67895
2018-12-18,0.6826
2018-12-19,0.6855
2018-12-20,0.67775
2018-12-21,0.6773
2018-12-24,0.6726
2018-12-27,0.67315
2018-12-28,0.67105
2018-12-31,0.6713
2019-01-03,0.662
2019-01-04,0.6682
2019-01-07,0.6733
2019-01-08,0.6746
2019-01-09,0.6743
2019-01-10,0.6791
2019-01-11,0.67865
2019-01-14,0.6826
2019-01-15,0.68335
2019-01-16,0.6823
2019-01-17,0.6776
2019-01-18,0.67605
2019-01-21,0.6734
2019-01-22,0.6725
2019-01-23,0.6766
2019-01-24,0.6797
2019-01-25,0.6761
2019-01-28,0.68415
2019-01-29,0.6826
2019-01-30,0.6828
2019-01-31,0.69025
2019-02-01,0.69175
2019-02-04,0.6895
2019-02-05,0.6874
2019-02-07,0.6769
2019-02-08,0.67365
2019-02-11,0.6765
2019-02-12,0.6722
2019-02-13,0.6791
2019-02-14,0.68105
2019-02-15,0.6818
2019-02-18,0.68795
2019-02-19,0.6844
2019-02-20,0.68745
2019-02-21,0.6864
2019-02-22,0.6811
2019-02-25,0.68775
2019-02-26,0.68785
2019-02-27,0.68945
2019-02-28,0.6838
2019-03-01,0.68115
2019-03-04,0.68095
2019-03-05,0.6815
2019-03-06,0.6787
2019-03-07,0.67785
2019-03-08,0.6757
2019-03-11,0.6794
2019-03-12,0.6831
2019-03-13,0.68545
2019-03-14,0.685
2019-03-15,0.6842
2019-03-18,0.6845
2019-03-19,0.6844
2019-03-20,0.68345
2019-03-21,0.6929
2019-03-22,0.6883
2019-03-25,0.6877
2019-03-26,0.6917
2019-03-27,0.68315
2019-03-28,0.67905
2019-03-29,0.6785
2019-04-01,0.68215
2019-04-02,0.67885
2019-04-03,0.6764
2019-04-04,0.6795
2019-04-05,0.67515
2019-04-08,0.67315
2019-04-09,0.6741
2019-04-10,0.6744
2019-04-11,0.6767
2019-04-12,0.6728
2019-04-15,0.6775
2019-04-16,0.6749
2019-04-17,0.6719
2019-04-18,0.6715
2019-04-23,0.66785
2019-04-24,0.66255
2019-04-26,0.664
2019-04-29,0.6678
2019-04-30,0.66635
2019-05-01,0.6652
2019-05-02,0.66355
2019-05-03,0.66165
2019-05-06,0.6612
2019-05-07,0.6611
2019-05-08,0.6548
2019-05-09,0.6574
2019-05-10,0.66125
2019-05-13,0.6584
2019-05-14,0.6584
2019-05-15,0.6572
2019-05-16,0.65565
2019-05-17,0.65415
2019-05-20,0.6535
2019-05-21,0.6538
2019-05-22,0.65045
2019-05-23,0.6489
2019-05-24,0.6517
2019-05-27,0.6554
2019-05-28,0.6546
2019-05-29,0.6543
2019-05-30,0.65125
2019-05-31,0.6511
2019-06-04,0.65835
2019-06-05,0.6626
2019-06-06,0.6625
2019-06-07,0.6619
2019-06-10,0.6648
2019-06-11,0.6598
2019-06-12,0.6575
2019-06-13,0.65855
2019-06-14,0.6535
2019-06-17,0.65045
2019-06-18,0.6497
2019-06-19,0.6526
2019-06-20,0.6571
2019-06-21,0.6602
2019-06-24,0.6593
2019-06-25,0.6644
2019-06-26,0.6631
2019-06-27,0.66845
2019-06-28,0.6694
2019-07-01,0.67045
2019-07-02,0.6675
2019-07-03,0.6677
2019-07-04,0.6718
2019-07-05,0.66835
2019-07-08,0.66355
2019-07-09,0.6627
2019-07-10,0.65985
2019-07-11,0.665
2019-07-12,0.6672
2019-07-15,0.6712
2019-07-16,0.6728
2019-07-17,0.6714
2019-07-18,0.6732
2019-07-19,0.6787
2019-07-22,0.6767
2019-07-23,0.6741
2019-07-24,0.6694
2019-07-25,0.6706
2019-07-26,0.66565
2019-07-29,0.6635
2019-07-30,0.6625
2019-07-31,0.6597
2019-08-01,0.6553
2019-08-02,0.6545
2019-08-05,0.6505
2019-08-06,0.6556
2019-08-07,0.64755
2019-08-08,0.64635
2019-08-09,0.6485
2019-08-12,0.64685
2019-08-13,0.6453
2019-08-14,0.645
2019-08-15,0.644
2019-08-16,0.6432
2019-08-19,0.64145
2019-08-20,0.641
2019-08-21,0.64185
2019-08-22,0.6402
2019-08-23,0.63855
2019-08-26,0.63845
2019-08-27,0.6383
2019-08-28,0.636
2019-08-29,0.63165
2019-08-30,0.62965
2019-09-02,0.63055
2019-09-03,0.6291
2019-09-04,0.63435
2019-09-05,0.63695
2019-09-06,0.6377
2019-09-09,0.6427
2019-09-10,0.6435
2019-09-11,0.64145
2019-09-12,0.6425
2019-09-13,0.6406
2019-09-16,0.6381
2019-09-17,0.6332
2019-09-18,0.63445
2019-09-19,0.6305
2019-09-20,0.629
2019-09-23,0.62705
2019-09-24,0.62895
2019-09-25,0.63195
2019-09-26,0.628
2019-09-27,0.629
2019-09-30,0.62765
2019-10-01,0.62615
2019-10-02,0.62535
2019-10-03,0.62675
2019-10-04,0.63175
2019-10-07,0.63195
2019-10-08,0.6289
2019-10-09,0.6308
2019-10-10,0.6289
2019-10-11,0.6319
2019-10-14,0.63175
2019-10-15,0.63025
2019-10-16,0.6284
2019-10-17,0.6295
2019-10-18,0.63665
2019-10-21,0.63935
2019-10-22,0.64245
2019-10-23,0.641
2019-10-24,0.6417
2019-10-25,0.6379
2019-10-29,0.6365
2019-10-30,0.6367
2019-10-31,0.64135
2019-11-01,0.64195
2019-11-04,0.644
2019-11-05,0.6401
2019-11-06,0.6366
2019-11-07,0.636
2019-11-08,0.6369
2019-11-11,0.63375
2019-11-12,0.6366
2019-11-13,0.64
2019-11-14,0.6404
2019-11-15,0.6386
2019-11-18,0.64
2019-11-19,0.6391
2019-11-20,0.6427
2019-11-21,0.6405
2019-11-22,0.6405
2019-11-25,0.64125
2019-11-26,0.64095
2019-11-27,0.6429
2019-11-28,0.64245
2019-11-29,0.64185
2019-12-02,0.6439
2019-12-03,0.65
2019-12-04,0.652
2019-12-05,0.65515
2019-12-06,0.65435
2019-12-09,0.6556
2019-12-10,0.65515
2019-12-11,0.6539
2019-12-12,0.6586
2019-12-13,0.6608
2019-12-16,0.6596
2019-12-17,0.6599
2019-12-18,0.65655
2019-12-19,0.6583
2019-12-20,0.6611
2019-12-23,0.6607
2019-12-24,0.6625
2019-12-27,0.6677
2019-12-30,0.67105
2019-12-31,0.6735
2020-01-03,0.66965
2020-01-06,0.66645
2020-01-07,0.66635
2020-01-08,0.6628
2020-01-09,0.6649
2020-01-10,0.6606
2020-01-13,0.6638
2020-01-14,0.6626
2020-01-15,0.6607
2020-01-16,0.6634
2020-01-17,0.66355
2020-01-20,0.6615
2020-01-21,0.6605
2020-01-22,0.65885
2020-01-23,0.65935
2020-01-24,0.6617
2020-01-27,0.6585
2020-01-28,0.6541
2020-01-29,0.65395
2020-01-30,0.6522
2020-01-31,0.64905
2020-02-03,0.64635
2020-02-04,0.6454
2020-02-05,0.6488
2020-02-07,0.6452
2020-02-10,0.6407
2020-02-11,0.6381
2020-02-12,0.64385
2020-02-13,0.6443
2020-02-14,0.644
2020-02-17,0.64345
2020-02-18,0.6421
2020-02-19,0.6398
2020-02-20,0.639
2020-02-21,0.63355
2020-02-24,0.6321
2020-02-25,0.634
2020-02-26,0.6311
2020-02-27,0.62935
2020-02-28,0.63045
2020-03-02,0.6219
2020-03-03,0.6262
2020-03-04,0.629
2020-03-05,0.62885
2020-03-06,0.63165
2020-03-09,0.6332
2020-03-10,0.6318
2020-03-11,0.6261
2020-03-12,0.62595
2020-03-13,0.613
2020-03-16,0.60395
2020-03-17,0.6067
2020-03-18,0.5947
2020-03-19,0.564
2020-03-20,0.5723
2020-03-23,0.5608
2020-03-24,0.57745
2020-03-25,0.58125
2020-03-26,0.58005
2020-03-27,0.5955
2020-03-30,0.6026
2020-03-31,0.59965
2020-04-01,0.596
2020-04-02,0.5931
2020-04-03,0.5898
2020-04-06,0.5877
2020-04-07,0.59575
2020-04-08,0.59505
2020-04-09,0.60055
2020-04-14,0.61275
2020-04-15,0.60785
2020-04-16,0.5948
2020-04-17,0.6015
2020-04-20,0.60205
2020-04-21,0.59965
2020-04-22,0.5963
2020-04-23,0.59425
2020-04-24,0.59895
2020-04-28,0.59995
2020-04-29,0.60965
2020-04-30,0.61255
2020-05-01,0.61015
2020-05-04,0.6029
2020-05-05,0.60605
2020-05-06,0.6054
2020-05-07,0.60125
2020-05-08,0.61215
2020-05-11,0.6151
2020-05-12,0.6061
2020-05-13,0.6075
2020-05-14,0.59695
2020-05-15,0.5998
2020-05-18,0.59515
2020-05-19,0.60385
2020-05-20,0.6108
2020-05-21,0.61245
2020-05-22,0.6117
2020-05-25,0.60985
2020-05-26,0.61255
2020-05-27,0.6193
2020-05-28,0.6189
2020-05-29,0.6203
2020-06-02,0.628
2020-06-03,0.6414
2020-06-04,0.64175
2020-06-05,0.647
2020-06-08,0.652
2020-06-09,0.65575
2020-06-10,0.65125
2020-06-11,0.65275
2020-06-12,0.641
2020-06-15,0.6425
2020-06-16,0.64825
2020-06-17,0.64425
2020-06-18,0.6434
2020-06-19,0.6413
2020-06-22,0.6416
2020-06-23,0.6468
2020-06-24,0.6477
2020-06-25,0.64145
2020-06-26,0.64315
2020-06-29,0.64305
2020-06-30,0.64255
2020-07-01,0.6462
2020-07-02,0.6483
2020-07-03,0.6513
2020-07-06,0.65495
2020-07-07,0.65605
2020-07-08,0.6546
2020-07-09,0.65725
2020-07-10,0.6565
2020-07-13,0.6574
2020-07-14,0.6533
2020-07-15,0.65615
2020-07-16,0.6561
2020-07-17,0.6543
2020-07-20,0.6541
2020-07-21,0.65765
2020-07-22,0.6645
2020-07-23,0.6666
2020-07-24,0.66425
2020-07-27,0.6667
2020-07-28,0.66935
2020-07-29,0.6657
2020-07-30,0.66535
2020-07-31,0.6701
2020-08-03,0.66325
2020-08-04,0.6613
2020-08-05,0.6636
2020-08-06,0.66405
2020-08-07,0.66825
2020-08-10,0.6601
2020-08-11,0.66095
2020-08-12,0.6538
2020-08-13,0.6576
2020-08-14,0.6537
2020-08-17,0.65365
2020-08-18,0.65475
2020-08-19,0.6603
2020-08-20,0.65575
2020-08-21,0.65365
2020-08-24,0.6542
2020-08-25,0.6537
2020-08-26,0.656
2020-08-27,0.66315
2020-08-28,0.6649
2020-08-31,0.6739
2020-09-01,0.67575
2020-09-02,0.67685
2020-09-03,0.67695
2020-09-04,0.6711
2020-09-07,0.671
2020-09-08,0.669
2020-09-09,0.6621
2020-09-10,0.6678
2020-09-11,0.6656
2020-09-14,0.6688
2020-09-15,0.6698
2020-09-16,0.67225
2020-09-17,0.66895
2020-09-18,0.6773
2020-09-21,0.6769
2020-09-22,0.6671
2020-09-23,0.66085
2020-09-24,0.6541
2020-09-25,0.65515
2020-09-28,0.6544
2020-09-29,0.6564
2020-09-30,0.6603
2020-10-01,0.66185
2020-10-02,0.66385
2020-10-05,0.6646
2020-10-06,0.66535
2020-10-07,0.65815
2020-10-08,0.65505
2020-10-09,0.65955
2020-10-12,0.6657
2020-10-13,0.6635
2020-10-14,0.6661
2020-10-15,0.6654
2020-10-16,0.6596
2020-10-19,0.6627
2020-10-20,0.6593
2020-10-21,0.65935
2020-10-22,0.66445
2020-10-23,0.6672
2020-10-27,0.6683
2020-10-28,0.66975
2020-10-29,0.6649
2020-10-30,0.6625
2020-11-02,0.6594
2020-11-03,0.6631
2020-11-04,0.6684
2020-11-05,0.66965
2020-11-06,0.67655
2020-11-09,0.6794
2020-11-10,0.6825
2020-11-11,0.68285
2020-11-12,0.6897
2020-11-13,0.68335
2020-11-16,0.6875
2020-11-17,0.69105
2020-11-18,0.6884
2020-11-19,0.6904
2020-11-20,0.6913
2020-11-23,0.69545
2020-11-24,0.6942
2020-11-25,0.69745
2020-11-26,0.70075
2020-11-27,0.701
2020-11-30,0.7041
2020-12-01,0.7028
2020-12-02,0.70635
2020-12-03,0.70565
2020-12-04,0.70745
2020-12-07,0.7044
2020-12-08,0.7039
2020-12-09,0.7045
2020-12-10,0.702
2020-12-11,0.7094
2020-12-14,0.7082
2020-12-15,0.70835
2020-12-16,0.70875
2020-12-17,0.71105
2020-12-18,0.7146
2020-12-21,0.71005
2020-12-22,0.70845
2020-12-23,0.7032
2020-12-24,0.7102
2020-12-29,0.71125
2020-12-30,0.71625
2020-12-31,0.7227
2021-01-05,0.7174
2021-01-06,0.72575
2021-01-07,0.72935
2021-01-08,0.72555
2021-01-11,0.72005
2021-01-12,0.7173
2021-01-13,0.72255
2021-01-14,0.71915
2021-01-15,0.72185
2021-01-18,0.7126
2021-01-19,0.7128
2021-01-20,0.71235
2021-01-21,0.7185
2021-01-22,0.7218
2021-01-25,0.71925
2021-01-26,0.71895
2021-01-27,0.72375
2021-01-28,0.71335
2021-01-29,0.7168
2021-02-01,0.71765
2021-02-02,0.7157
2021-02-03,0.7206
2021-02-04,0.7212
2021-02-05,0.7161
2021-02-09,0.72335
2021-02-10,0.72325
2021-02-11,0.72055
2021-02-12,0.7226
2021-02-15,0.7222
2021-02-16,0.7237
2021-02-17,0.7185
2021-02-18,0.7195
2021-02-19,0.72205
2021-02-22,0.73085
2021-02-23,0.73295
2021-02-24,0.7343
2021-02-25,0.7435
2021-02-26,0.73485
2021-03-01,0.7272
2021-03-02,0.72675
2021-03-03,0.7298
2021-03-04,0.7255
2021-03-05,0.7171
2021-03-08,0.7184
2021-03-09,0.7115
2021-03-10,0.7167
2021-03-11,0.7193
2021-03-12,0.72275
2021-03-15,0.7197
2021-03-16,0.71985
2021-03-17,0.7186
2021-03-18,0.7249
2021-03-19,0.71575
2021-03-22,0.7151
2021-03-23,0.7111
2021-03-24,0.69935
2021-03-25,0.69785
2021-03-26,0.69655
2021-03-29,0.69795
2021-03-30,0.70075
2021-03-31,0.69885
2021-04-01,0.69805
2021-04-06,0.7059
2021-04-07,0.70585
2021-04-08,0.70105
2021-04-09,0.70505
2021-04-12,0.70185
2021-04-13,0.70125
2021-04-14,0.70545
2021-04-15,0.71415
2021-04-16,0.7161
2021-04-19,0.71335
2021-04-20,0.7201
2021-04-21,0.71745
2021-04-22,0.7209
2021-04-23,0.71715
2021-04-27,0.7223
2021-04-28,0.71965
2021-04-29,0.72805
2021-04-30,0.72475
2021-05-03,0.71725
2021-05-04,0.7184
2021-05-05,0.7171
2021-05-06,0.7228
2021-05-07,0.724
2021-05-10,0.72815
2021-05-11,0.72615
2021-05-12,0.7247
2021-05-13,0.7177
2021-05-14,0.7177
2021-05-17,0.7224
2021-05-18,0.7236
2021-05-19,0.7235
2021-05-20,0.7175
2021-05-21,0.7187
2021-05-24,0.717
2021-05-25,0.7215
2021-05-26,0.72565
2021-05-27,0.7281
2021-05-28,0.72765
2021-05-31,0.72515
2021-06-01,0.72845
2021-06-02,0.7263
2021-06-03,0.7228
2021-06-04,0.7139
2021-06-08,0.7224
2021-06-09,0.72025
2021-06-10,0.7178
2021-06-11,0.71935
2021-06-14,0.7141
2021-06-15,0.71345
2021-06-16,0.7134
2021-06-17,0.7096
2021-06-18,0.7005
2021-06-21,0.6952
2021-06-22,0.6977
2021-06-23,0.6998
2021-06-24,0.705
2021-06-25,0.70705
2021-06-28,0.7068
2021-06-29,0.7043
2021-06-30,0.69975
2021-07-01,0.69885
2021-07-02,0.6962
2021-07-05,0.7024
2021-07-06,0.70705
2021-07-07,0.7018
2021-07-08,0.69835
2021-07-09,0.6926
2021-07-12,0.69875
2021-07-13,0.7003
2021-07-14,0.69895
2021-07-15,0.70125
2021-07-16,0.6993
2021-07-19,0.6984
2021-07-20,0.694
2021-07-21,0.69195
2021-07-22,0.6958
2021-07-23,0.69775
2021-07-26,0.69705
2021-07-27,0.6995
2021-07-28,0.6963
2021-07-29,0.6954
2021-07-30,0.70005
2021-08-02,0.6963
2021-08-03,0.69965
2021-08-04,0.70575
2021-08-05,0.70465
2021-08-06,0.70435
2021-08-09,0.701
2021-08-10,0.6971
2021-08-11,0.7006
2021-08-12,0.7034
2021-08-13,0.7007
2021-08-16,0.7037
2021-08-17,0.70145
2021-08-18,0.68805
2021-08-19,0.68515
2021-08-20,0.68145
2021-08-23,0.6845
2021-08-24,0.68905
2021-08-25,0.69355
2021-08-26,0.6965
2021-08-27,0.69405
2021-08-30,0.7005
2021-08-31,0.70255
2021-09-01,0.70425
2021-09-02,0.70635
2021-09-03,0.7114
2021-09-06,0.7141
2021-09-07,0.71445
2021-09-08,0.71105
2021-09-09,0.709
2021-09-10,0.70995
2021-09-13,0.71045
2021-09-14,0.7112
2021-09-15,0.708
2021-09-16,0.71245
2021-09-17,0.7062
2021-09-20,0.70295
2021-09-21,0.7022
2021-09-22,0.70225
2021-09-23,0.69975
2021-09-24,0.7062
2021-09-27,0.70225
2021-09-28,0.7004
2021-09-29,0.69455
2021-09-30,0.68735
2021-10-01,0.68985
2021-10-04,0.69335
2021-10-05,0.6956
2021-10-06,0.69665
2021-10-07,0.69185
2021-10-08,0.6942
2021-10-11,0.69375
2021-10-12,0.6927
2021-10-13,0.69335
2021-10-14,0.69755
2021-10-15,0.7036
2021-10-18,0.70785
2021-10-19,0.70955
2021-10-20,0.7157
2021-10-21,0.72055
2021-10-22,0.7163
2021-10-26,0.71675
2021-10-27,0.71605
2021-10-28,0.716
2021-10-29,0.718
2021-11-01,0.71655
2021-11-02,0.71785
2021-11-03,0.71205
2021-11-04,0.7167
2021-11-05,0.71045
2021-11-08,0.71065
2021-11-09,0.7151
2021-11-10,0.7125
2021-11-11,0.70655
2021-11-12,0.7019
2021-11-15,0.70405
2021-11-16,0.70455
2021-11-17,0.69905
2021-11-18,0.7005
2021-11-19,0.7036
2021-11-22,0.699
2021-11-23,0.69505
2021-11-24,0.6934
2021-11-25,0.68875
2021-11-26,0.68425
2021-11-29,0.68235
2021-11-30,0.68165
2021-12-01,0.68235
2021-12-02,0.68105
2021-12-03,0.6799
2021-12-06,0.67475
2021-12-07,0.67455
2021-12-08,0.6784
2021-12-09,0.68045
2021-12-10,0.6795
2021-12-13,0.67955
2021-12-14,0.6748
2021-12-15,0.67385
2021-12-16,0.67745
2021-12-17,0.67975
2021-12-20,0.67335
2021-12-21,0.67115
2021-12-22,0.67575
2021-12-23,0.68075
2021-12-24,0.68245
2021-12-29,0.6807
2021-12-30,0.68385
2021-12-31,0.6832
2022-01-05,0.68125
2022-01-06,0.67895
2022-01-07,0.6745
2022-01-10,0.67765
2022-01-11,0.67695
2022-01-12,0.67875
2022-01-13,0.68535
2022-01-14,0.6859
2022-01-17,0.67985
2022-01-18,0.68015
2022-01-19,0.6774
2022-01-20,0.6781
2022-01-21,0.6734
2022-01-24,0.67115
2022-01-25,0.66925
2022-01-26,0.66815
2022-01-27,0.66385
2022-01-28,0.65755
2022-01-31,0.65455
2022-02-01,0.657
2022-02-02,0.66475
2022-02-03,0.66185
2022-02-04,0.66715
2022-02-08,0.66415
2022-02-09,0.6643
2022-02-10,0.66815
2022-02-11,0.66555
2022-02-14,0.66425
2022-02-15,0.66215
2022-02-16,0.664
2022-02-17,0.66895
2022-02-18,0.6689
2022-02-21,0.66985
2022-02-22,0.67075
2022-02-23,0.67505
2022-02-24,0.67515
2022-02-25,0.6694
2022-02-28,0.66895
2022-03-01,0.67615
2022-03-02,0.6765
2022-03-03,0.6777
2022-03-04,0.6771
2022-03-07,0.68875
2022-03-08,0.6841
2022-03-09,0.68145
2022-03-10,0.68265
2022-03-11,0.6861
2022-03-14,0.68025
2022-03-15,0.67395
2022-03-16,0.67425
2022-03-17,0.6843
2022-03-18,0.6893
2022-03-21,0.69165
2022-03-22,0.6872
2022-03-23,0.6961
2022-03-24,0.69685
2022-03-25,0.6961
2022-03-28,0.69485
2022-03-29,0.68915
2022-03-30,0.6947
2022-03-31,0.6975
2022-04-01,0.69235
2022-04-04,0.6923
2022-04-05,0.69455
2022-04-06,0.69395
2022-04-07,0.6906
2022-04-08,0.68835
2022-04-11,0.68235
2022-04-12,0.68195
2022-04-13,0.6885
2022-04-14,0.6819
2022-04-19,0.6732
2022-04-20,0.67615
2022-04-21,0.67795
2022-04-22,0.6716
2022-04-26,0.662
2022-04-27,0.65705
2022-04-28,0.6531
2022-04-29,0.6504
2022-05-02,0.64355
2022-05-03,0.64615
2022-05-04,0.64465
2022-05-05,0.65585
2022-05-06,0.6415
2022-05-09,0.6374
2022-05-10,0.63035
2022-05-11,0.6306
2022-05-12,0.62945
2022-05-13,0.62385
2022-05-16,0.62665
2022-05-17,0.6331
2022-05-18,0.6357
2022-05-19,0.6301
2022-05-20,0.6379
2022-05-23,0.645
2022-05-24,0.6433
2022-05-25,0.6475
2022-05-26,0.64705
2022-05-27,0.65045
2022-05-30,0.65495
2022-05-31,0.6531
2022-06-01,0.6518
2022-06-02,0.6472
2022-06-03,0.65555
2022-06-07,0.6469
2022-06-08,0.64735
2022-06-09,0.64365
2022-06-10,0.6397
2022-06-13,0.63245
2022-06-14,0.6259
2022-06-15,0.62375
2022-06-16,0.62835
2022-06-17,0.6344
2022-06-20,0.63075
2022-06-21,0.63395
2022-06-22,0.6295
2022-06-23,0.626
2022-06-27,0.63085
2022-06-28,0.62965
2022-06-29,0.62515
2022-06-30,0.62135
2022-07-01,0.62305
2022-07-04,0.6207
2022-07-05,0.62245
2022-07-06,0.6175
2022-07-07,0.61605
2022-07-08,0.6184
2022-07-11,0.61685
2022-07-12,0.61185
2022-07-13,0.6133
2022-07-14,0.61135
2022-07-15,0.61335
2022-07-18,0.6196
2022-07-19,0.6149
2022-07-20,0.62395
2022-07-21,0.62225
2022-07-22,0.62385
2022-07-25,0.6231
2022-07-26,0.62725
2022-07-27,0.62385
2022-07-28,0.6266
2022-07-29,0.6295
2022-08-01,0.62925
2022-08-02,0.6328
2022-08-03,0.62345
2022-08-04,0.6283
2022-08-05,0.6294
2022-08-08,0.62485
2022-08-09,0.6276
2022-08-10,0.6288
2022-08-11,0.63955
2022-08-12,0.64295
2022-08-15,0.6445
2022-08-16,0.63585
2022-08-17,0.6352
2022-08-18,0.6273
2022-08-19,0.62315
2022-08-22,0.6184
2022-08-23,0.619
2022-08-24,0.6188
2022-08-25,0.6205
2022-08-26,0.62
2022-08-29,0.6113
2022-08-30,0.61435
2022-08-31,0.61315
2022-09-01,0.6096
2022-09-02,0.6069
2022-09-05,0.60885
2022-09-06,0.6124
2022-09-07,0.6015
2022-09-08,0.6048
2022-09-09,0.6084
2022-09-12,0.6117
2022-09-13,0.61405
2022-09-14,0.6003
2022-09-15,0.6018
2022-09-16,0.59595
2022-09-19,0.598
2022-09-20,0.594
2022-09-21,0.5895
2022-09-22,0.58245
2022-09-23,0.58455
2022-09-27,0.56875
2022-09-28,0.5623
2022-09-29,0.57025
2022-09-30,0.5733
2022-10-03,0.5625
2022-10-04,0.5714
2022-10-05,0.5748
2022-10-06,0.57735
2022-10-07,0.566
2022-10-10,0.5615
2022-10-11,0.558
2022-10-12,0.5583
2022-10-13,0.5619
2022-10-14,0.5655
2022-10-17,0.5558
2022-10-18,0.5666
2022-10-19,0.56965
2022-10-20,0.56595
2022-10-21,0.5663
2022-10-25,0.5711
2022-10-26,0.57315
2022-10-27,0.58345
2022-10-28,0.5819
2022-10-31,0.58085
2022-11-01,0.58245
2022-11-02,0.58435
2022-11-03,0.5818
2022-11-04,0.57715
2022-11-07,0.5891
2022-11-08,0.5944
2022-11-09,0.59505
2022-11-10,0.5889
2022-11-11,0.6005
2022-11-14,0.611
2022-11-15,0.609
2022-11-16,0.61375
2022-11-17,0.614
2022-11-18,0.614
2022-11-21,0.6145
2022-11-22,0.611
2022-11-23,0.6165
2022-11-24,0.625
2022-11-25,0.6252
2022-11-28,0.6225
2022-11-29,0.6168
2022-11-30,0.6208
2022-12-01,0.6321
2022-12-02,0.63585
2022-12-05,0.64075
2022-12-06,0.63345
2022-12-07,0.6316
2022-12-08,0.63405
2022-12-09,0.63755
2022-12-12,0.6387
2022-12-13,0.63945
2022-12-14,0.6445
2022-12-15,0.64605
2022-12-16,0.6353
2022-12-19,0.6386
2022-12-20,0.6349
2022-12-21,0.63375
2022-12-22,0.62965
2022-12-23,0.6237
2022-12-28,0.62645
2022-12-29,0.6325
2022-12-30,0.6335
2023-01-04,0.62615
2023-01-05,0.6302
2023-01-06,0.6244
2023-01-09,0.6359
2023-01-10,0.637
2023-01-11,0.63725
2023-01-12,0.6369
2023-01-13,0.6377
2023-01-16,0.63985
2023-01-17,0.6395
2023-01-18,0.6425
2023-01-19,0.64245
2023-01-20,0.64005
2023-01-23,0.649
2023-01-24,0.649
2023-01-25,0.64775
2023-01-26,0.648
2023-01-27,0.65055
2023-01-30,0.65
2023-01-31,0.6468
2023-02-01,0.64335
2023-02-02,0.6527
2023-02-03,0.6473
2023-02-07,0.6315
2023-02-08,0.63235
2023-02-09,0.6309
2023-02-10,0.6327
2023-02-13,0.6306
2023-02-14,0.6364
2023-02-15,0.63295
2023-02-16,0.626
2023-02-17,0.62435
2023-02-20,0.623
2023-02-21,0.62505
2023-02-22,0.6234
2023-02-23,0.62305
2023-02-24,0.6237
2023-02-27,0.61675
2023-02-28,0.61665
2023-03-01,0.6168
2023-03-02,0.6243
2023-03-03,0.6229
2023-03-06,0.6215
2023-03-07,0.61955
2023-03-08,0.611
2023-03-09,0.6108
2023-03-10,0.61055
2023-03-13,0.615
2023-03-14,0.6215
2023-03-15,0.623
2023-03-16,0.6175
2023-03-17,0.62
2023-03-20,0.6275
2023-03-21,0.624
2023-03-22,0.6186
2023-03-23,0.6245
2023-03-24,0.62435
